,name,psnr,psnr_variance,ssim,ssim_variance,ssim_256,ssim_256_variance,mae,mae_variance,l1,l1_variance,fid,lpips,mask_lpips
0,ABF_1_shot_ep21_176256.csv,16.087225,3.580517,0.569306,0.010324,0.594532,0.003754,0.08713799715042114,0.0004440000047907233,0.09985800087451935,0.0006459999713115394,32.58807872960918,0.3014577627182007,0.14800335466861725
