,name,psnr,psnr_variance,ssim,ssim_variance,ssim_256,ssim_256_variance,mae,mae_variance,l1,l1_variance,fid,lpips
0,ABF_2_shot_ep59_176256,17.837417,5.976954,0.712625,0.00921,0.759805,0.004645,0.03226900100708008,0.00026500000967644155,0.05336099863052368,0.0004830000107176602,23.52916025599498,0.25766927003860474
