,name,psnr,psnr_variance,ssim,ssim_variance,ssim_256,ssim_256_variance,mae,mae_variance,l1,l1_variance,fid,lpips,mask_lpips
0,ABF_1_shot_ep31_176256.csv,16.160765,3.404442,0.568012,0.010789,0.592981,0.003659,0.08588699996471405,0.00041199999395757914,0.09925699979066849,0.0006140000186860561,38.96992686970802,0.3024607300758362,0.14873714745044708
