,name,psnr,psnr_variance,ssim,ssim_variance,ssim_256,ssim_256_variance,mae,mae_variance,l1,l1_variance,fid,lpips
0,ABF_fashion_1shot_ep59,17.742771,6.208627,0.706105,0.009631,0.761212,0.004451,0.033629000186920166,0.00030700000934302807,0.05532899871468544,0.0005709999823011458,27.303360278525417,0.275251567363739
