,name,psnr,psnr_variance,ssim,ssim_variance,ssim_256,ssim_256_variance,mae,mae_variance,l1,l1_variance,fid,lpips,mask_lpips
0,ABF_market_3shot_ep31,16.441787,3.677547,0.591209,0.011131,0.602887,0.004055,0.08274400234222412,0.0004079999926034361,0.09544199705123901,0.0006089999806135893,33.2702211328843,0.2869643270969391,0.13140398263931274
