,name,psnr,psnr_variance,ssim,ssim_variance,ssim_256,ssim_256_variance,mae,mae_variance,l1,l1_variance,fid,lpips
0,ABF_fashion_1shot_ep31,17.228719,5.761171,0.682978,0.009806,0.751208,0.004587,0.0360880009829998,0.0003480000013951212,0.059487998485565186,0.0006370000191964209,33.568469294683524,0.28729552030563354
