,name,psnr,psnr_variance,ssim,ssim_variance,ssim_256,ssim_256_variance,mae,mae_variance,l1,l1_variance,fid,lpips,mask_lpips
0,ABF_10_shot_ep31,17.060386,3.905423,0.62574,0.011734,0.623552,0.004183,0.07550600171089172,0.0003699999942909926,0.08804000169038773,0.0005389999714680016,46.43301684765643,0.2906048893928528,0.11952953785657883
