,name,psnr,psnr_variance,ssim,ssim_variance,ssim_256,ssim_256_variance,mae,mae_variance,l1,l1_variance,fid,lpips,mask_lpips
0,ABF_1_shot_ep41_176256.csv,16.434056,3.19707,0.571982,0.010272,0.595941,0.003331,0.08315300196409225,0.00035700001171790063,0.09661000221967697,0.000539999979082495,44.650871478131506,0.31087782979011536,0.15182507038116455
