,name,psnr,psnr_variance,ssim,ssim_variance,ssim_256,ssim_256_variance,mae,mae_variance,l1,l1_variance,fid,lpips
0,ABF_2_shot_ep53_176256,17.893479,5.889395,0.719314,0.008757,0.761879,0.004448,0.03274799883365631,0.0002640000020619482,0.053592000156641006,0.0004600000102072954,24.644021042522127,0.25685378909111023
