,name,psnr,psnr_variance,ssim,ssim_variance,ssim_256,ssim_256_variance,mae,mae_variance,l1,l1_variance,fid,lpips,mask_lpips
0,ABF_1_shot_ep59_176256.csv,16.217025,3.248682,0.569644,0.01044,0.592456,0.003287,0.08541899919509888,0.00039000000106170774,0.09885500371456146,0.000577000027988106,49.045484155390454,0.31005364656448364,0.15259045362472534
