,name,psnr,psnr_variance,ssim,ssim_variance,ssim_256,ssim_256_variance,mae,mae_variance,l1,l1_variance,fid,lpips,mask_lpips
0,ABF_7_shot_ep31,16.895588,3.821698,0.612991,0.011049,0.614457,0.003969,0.07859800010919571,0.0003910000086762011,0.09050299972295761,0.0005680000176653266,51.93989080041547,0.2953207492828369,0.12439756095409393
