,name,psnr,psnr_variance,ssim,ssim_variance,ssim_256,ssim_256_variance,mae,mae_variance,l1,l1_variance,fid,lpips
0,ABF_2_shot_ep35_176256,17.512925,5.520572,0.696245,0.008949,0.751642,0.004632,0.033900998532772064,0.0002849999873433262,0.055858999490737915,0.0004990000161342323,26.541293510701536,0.26929396390914917
