,name,psnr,psnr_variance,ssim,ssim_variance,ssim_256,ssim_256_variance,mae,mae_variance,l1,l1_variance,fid,lpips
0,ADGAN_fashion_176,18.376822,7.074732,0.742681,0.009782,0.771882,0.004676,0.03016499988734722,0.00023700000019744039,0.049807000905275345,0.0004710000066552311,14.476086640387962,0.22526293992996216
