,name,psnr,psnr_variance,ssim,ssim_variance,ssim_256,ssim_256_variance,mae,mae_variance,l1,l1_variance,fid,lpips
0,DSC_eval_176,18.234452,6.396274,0.729618,0.009379,0.767872,0.004737,0.03055099956691265,0.00025499999173916876,0.050673000514507294,0.0005000000237487257,21.541979605711248,0.23843272030353546
