,name,psnr,psnr_variance,ssim,ssim_variance,ssim_256,ssim_256_variance,mae,mae_variance,l1,l1_variance,fid,lpips
0,face_ours_7shot,18.755464,16.398933,0.617801,0.04442,0.599568,0.018613,0.11844199895858765,0.0034680000972002745,0.07921499758958817,0.0014769999543204904,8.128809979227242,0.20655524730682373
