,name,psnr,psnr_variance,ssim,ssim_variance,ssim_256,ssim_256_variance,mae,mae_variance,l1,l1_variance,fid,lpips
0,face_ours_4shot,18.60128,15.427951,0.612723,0.042455,0.593819,0.017597,0.11986300349235535,0.003372000064700842,0.08020199835300446,0.0014329999685287476,7.658952534095704,0.20840322971343994
