,name,psnr,psnr_variance,ssim,ssim_variance,ssim_256,ssim_256_variance,mae,mae_variance,l1,l1_variance,fid,lpips
0,face_ours_2shot,18.338678,13.945606,0.602832,0.039672,0.585459,0.016033,0.12259099632501602,0.003232999937608838,0.08203399926424026,0.0013620000099763274,7.100087424293179,0.21303944289684296
