,name,psnr,psnr_variance,ssim,ssim_variance,ssim_256,ssim_256_variance,mae,mae_variance,l1,l1_variance,fid,lpips
0,face_ours_flow_ep14_2shot_ep3,18.491702,15.09442,0.60391,0.041528,0.591707,0.01697,0.12013799697160721,0.0033519999124109745,0.08031699806451797,0.0014329999685287476,6.915505410987919,0.20614278316497803
