,name,psnr,psnr_variance,ssim,ssim_variance,ssim_256,ssim_256_variance,mae,mae_variance,l1,l1_variance,fid,lpips
0,face_Neural_Head_FF_4shot,17.581138,7.055865,0.526102,0.023451,0.548068,0.009131,0.1418749988079071,0.0021909999195486307,0.09391699731349945,0.0008650000090710819,37.45688952873908,0.3131159842014313
