,name,psnr,psnr_variance,ssim,ssim_variance,ssim_256,ssim_256_variance,mae,mae_variance,l1,l1_variance,fid,lpips
0,face_Neural_Head_FF_7shot,17.648133,7.212313,0.53163,0.024023,0.553762,0.009027,0.13758699595928192,0.0020860000513494015,0.092180997133255,0.0008459999808110297,32.10134394818195,0.30497410893440247
