,name,psnr,psnr_variance,ssim,ssim_variance,ssim_256,ssim_256_variance,mae,mae_variance,l1,l1_variance,fid,lpips
0,face_Neural_Head_FF_2shot,17.503445,7.084471,0.523064,0.023396,0.546558,0.009166,0.14321699738502502,0.0022499999031424522,0.094821996986866,0.0008900000248104334,37.26637071295349,0.3150189220905304
