,name,psnr,psnr_variance,ssim,ssim_variance,ssim_256,ssim_256_variance,mae,mae_variance,l1,l1_variance,fid,lpips
0,fashion_mysplit,17.2927,7.222377,0.660279,0.01724,0.706726,0.009989,0.046581000089645386,0.0007939999923110008,0.0683009997010231,0.0009389999904669821,10.210731238578234,0.19717559218406677
