,name,psnr,psnr_variance,ssim,ssim_variance,ssim_256,ssim_256_variance,mae,mae_variance,l1,l1_variance,fid,lpips
0,fashion_v4_ep6_lambda5,17.46281,6.71566,0.666106,0.01606,0.706819,0.009596,0.046553000807762146,0.0007970000151544809,0.06778600066900253,0.0008229999803006649,12.644246672146835,0.19447053968906403
