,name,psnr,psnr_variance,ssim,ssim_variance,ssim_256,ssim_256_variance,mae,mae_variance,l1,l1_variance,fid,lpips
0,fashion,17.291605,7.227458,0.661621,0.017456,0.707554,0.010048,0.04651999846100807,0.0008200000156648457,0.06820599734783173,0.0009469999931752682,9.872329984258272,0.19658949971199036
