,name,psnr,psnr_variance,ssim,ssim_variance,ssim_256,ssim_256_variance,mae,mae_variance,l1,l1_variance,fid,lpips
0,fashion_v1_pose_aware_ep7,17.745791,6.764955,0.682305,0.015205,0.717329,0.00925,0.0427590012550354,0.0006859999848529696,0.06248300150036812,0.00072900002123788,12.910661394895897,0.187693789601326
