,name,psnr,psnr_variance,ssim,ssim_variance,ssim_256,ssim_256_variance,mae,mae_variance,l1,l1_variance,fid,lpips
0,fashion_v2_ep15_repad,19.75332,7.378422,0.789923,0.008563,0.806151,0.004778,0.02520900033414364,0.00016900000628083944,0.04152899980545044,0.0003239999932702631,11.02934316195703,0.1294272541999817
