,name,psnr,psnr_variance,ssim,ssim_variance,ssim_256,ssim_256_variance,mae,mae_variance,l1,l1_variance,fid,lpips
0,fashion_v2_ep15,17.906395,7.152451,0.685524,0.015492,0.717894,0.009641,0.0419050008058548,0.0006270000012591481,0.061691999435424805,0.0007060000207275152,11.29000546315666,0.1828145533800125
