,name,psnr,psnr_variance,ssim,ssim_variance,ssim_256,ssim_256_variance,mae,mae_variance,l1,l1_variance,fid,lpips
0,GLFA_eval,19.098254,7.465121,0.770043,0.010086,0.797757,0.005053,0.028084000572562218,0.0002280000044265762,0.04613500088453293,0.00044100001105107367,9.872329984258272,0.1963418573141098
