,name,psnr,psnr_variance,ssim,ssim_variance,ssim_256,ssim_256_variance,mae,mae_variance,l1,l1_variance,fid,lpips
0,kitti_multiview,21.506254,28.290486,0.812846,0.021385,0.670437,0.031293,0.06422100216150284,0.00171999994199723,0.054545000195503235,0.0009629999985918403,18.79761595844832,0.19581948220729828
