,name,psnr,psnr_variance,ssim,ssim_variance,ssim_256,ssim_256_variance,mae,mae_variance,l1,l1_variance,fid,lpips
0,kitti_ours_ep70,19.533514,28.527927,0.74355,0.036486,0.589717,0.034863,0.08357600122690201,0.0030159999150782824,0.07030399888753891,0.0016289999475702643,8.505191225699036,0.1721460223197937
