,name,psnr,psnr_variance,ssim,ssim_variance,ssim_256,ssim_256_variance,mae,mae_variance,l1,l1_variance,fid,lpips,mask_lpips
0,market_v3_res_flow_highres_align_input_ep1_1w_7shot,17.07536,3.522962,0.633626,0.011424,0.606411,0.004053,0.07532099634408951,0.00034500000765547156,0.08797799795866013,0.0005089999758638442,16.34503612236324,0.2412538379430771,0.11263921856880188
