,name,psnr,psnr_variance,ssim,ssim_variance,ssim_256,ssim_256_variance,mae,mae_variance,l1,l1_variance,fid,lpips,mask_lpips
0,market_v2_highres_align_input_no_tge_ep1_3shot,14.651773,2.990685,0.503092,0.032084,0.298287,0.008527,0.17995700240135193,0.0019079999765381217,0.14166399836540222,0.0011269999668002129,15.698911473394276,0.26277047395706177,0.13264906406402588
