,name,psnr,psnr_variance,ssim,ssim_variance,ssim_256,ssim_256_variance,mae,mae_variance,l1,l1_variance,fid,lpips,mask_lpips
0,market_v2_highres_align_input_no_tge_attn_avg_ep3_2shot,16.327775,3.186727,0.580713,0.010828,0.579371,0.003718,0.08301299810409546,0.0003659999929368496,0.0967789962887764,0.0005549999768845737,15.079897526113228,0.2747926414012909,0.13998733460903168
