,name,psnr,psnr_variance,ssim,ssim_variance,ssim_256,ssim_256_variance,mae,mae_variance,l1,l1_variance,fid,lpips,mask_lpips
0,market_v3_res_flow_highres_non_align_input_ep1_1w5_2shot,14.780429,2.978289,0.50414,0.033135,0.302654,0.008655,0.17712600529193878,0.0018260000506415963,0.13933700323104858,0.0010930000571534038,18.882918363482958,0.2662755250930786,0.13491490483283997
