,name,psnr,psnr_variance,ssim,ssim_variance,ssim_256,ssim_256_variance,mae,mae_variance,l1,l1_variance,fid,lpips
0,market_v2_highres_align_input_ep4_2shot,16.597887,2.9144,0.591849,0.010171,0.586071,0.003403,0.08029700070619583,0.0003110000106971711,0.09430199861526489,0.0004769999941345304,20.75475333247428,0.26761966943740845
