,name,psnr,psnr_variance,ssim,ssim_variance,ssim_256,ssim_256_variance,mae,mae_variance,l1,l1_variance,fid,lpips,mask_lpips
0,market_v2_highres_align_input_ep2_3shot,16.64724,3.05665,0.601283,0.010338,0.589945,0.003617,0.07969100028276443,0.00032699998700991273,0.09374000132083893,0.0005000000237487257,18.092055251373154,0.2645152807235718,0.13023363053798676
