,name,psnr,psnr_variance,ssim,ssim_variance,ssim_256,ssim_256_variance,mae,mae_variance,l1,l1_variance,fid,lpips
0,market_v3_res_flow_highres_align_input_ep1_2shot,16.447583,3.237648,0.593078,0.010789,0.586589,0.003704,0.08242300152778625,0.00036299999919719994,0.0956289991736412,0.0005610000225715339,18.294898363297875,0.2650626003742218
