,name,psnr,psnr_variance,ssim,ssim_variance,ssim_256,ssim_256_variance,mae,mae_variance,l1,l1_variance,fid,lpips,mask_lpips
0,market_v3_res_flow_highres_align_input_ep1_1w_3shot,16.629588,3.016418,0.605697,0.010679,0.589146,0.003588,0.07906100153923035,0.0003370000049471855,0.09351000189781189,0.000506000011228025,16.98475408238619,0.25817063450813293,0.12818339467048645
