,name,psnr,psnr_variance,ssim,ssim_variance,ssim_256,ssim_256_variance,mae,mae_variance,l1,l1_variance,fid,lpips,mask_lpips
0,market_v2_highres_align_input_ep1_5shot,16.496882,3.149834,0.604589,0.010739,0.587397,0.003683,0.08149299770593643,0.00035200000274926424,0.09497199952602386,0.0005339999916031957,20.303200560219977,0.26061782240867615,0.12651179730892181
