,name,psnr,psnr_variance,ssim,ssim_variance,ssim_256,ssim_256_variance,mae,mae_variance,l1,l1_variance,fid,lpips,mask_lpips
0,market_v2_highres_align_input_no_tge_ep2_2shot,14.627707,3.088649,0.497905,0.034697,0.296333,0.008801,0.17850300669670105,0.001998000079765916,0.14178399741649628,0.0011759999906644225,14.427468834750528,0.26657867431640625,0.1366594135761261
