,name,psnr,psnr_variance,ssim,ssim_variance,ssim_256,ssim_256_variance,mae,mae_variance,l1,l1_variance,fid,lpips
0,market_v3_res_flow_highres_align_input_ep6_2shot,16.412679,2.999912,0.583711,0.010546,0.582681,0.003386,0.08242200314998627,0.0003440000000409782,0.09632900357246399,0.0005290000117383897,20.131307785727387,0.2737754285335541
