,name,psnr,psnr_variance,ssim,ssim_variance,ssim_256,ssim_256_variance,mae,mae_variance,l1,l1_variance,fid,lpips,mask_lpips
0,market_ABF_5_shot_ep25,16.696445,3.936856,0.610508,0.011139,0.618028,0.003878,0.08078599721193314,0.0004199999966658652,0.09282399713993073,0.0006179999909363687,31.1050579033855,0.2790939509868622,0.12744830548763275
