,name,psnr,psnr_variance,ssim,ssim_variance,ssim_256,ssim_256_variance,mae,mae_variance,l1,l1_variance,fid,lpips,mask_lpips
0,market_v3_res_flow_highres_align_input_ep3_3shot,16.589813,3.223599,0.602219,0.010514,0.59058,0.003808,0.07998000085353851,0.0003440000000409782,0.0938820019364357,0.0005290000117383897,16.262802952557934,0.26035362482070923,0.12772376835346222
