,name,psnr,psnr_variance,ssim,ssim_variance,ssim_256,ssim_256_variance,mae,mae_variance,l1,l1_variance,fid,lpips,mask_lpips
0,market_DSC,16.061965,3.25437,0.572184,0.011111,0.5975,0.003586,0.08636000007390976,0.0004140000091865659,0.10017000138759613,0.0006040000007487833,24.86120233437694,0.29837125539779663,0.14953991770744324
