,name,psnr,psnr_variance,ssim,ssim_variance,ssim_256,ssim_256_variance,mae,mae_variance,l1,l1_variance,fid,lpips
0,market_v2_highres_align_input_ep7_2shot,16.540587,2.974579,0.585404,0.010076,0.58334,0.003516,0.08134400099515915,0.00031400000443682075,0.0951320007443428,0.0004879999905824661,22.048248234658445,0.2708590030670166
