,name,psnr,psnr_variance,ssim,ssim_variance,ssim_256,ssim_256_variance,mae,mae_variance,l1,l1_variance,fid,lpips,mask_lpips
0,market_v2_highres_align_input_no_tge_attn_avg_ep2_2shot,16.203225,3.043212,0.575594,0.010752,0.573974,0.003713,0.08434399962425232,0.00036299999919719994,0.09825000166893005,0.0005579999997280538,15.297836413785546,0.27143505215644836,0.13934917747974396
