,name,psnr,psnr_variance,ssim,ssim_variance,ssim_256,ssim_256_variance,mae,mae_variance,l1,l1_variance,fid,lpips
0,market_v3_res_flow_highres_align_input_ep7_2shot,16.514072,3.036775,0.584819,0.010651,0.586181,0.003445,0.0813170000910759,0.0003420000139158219,0.0953499972820282,0.0005200000014156103,22.754278945990336,0.2744123637676239
