,name,psnr,psnr_variance,ssim,ssim_variance,ssim_256,ssim_256_variance,mae,mae_variance,l1,l1_variance,fid,lpips,mask_lpips
0,market_v2_highres_align_input_ep2_7shot,16.746568,3.130875,0.607686,0.010797,0.59293,0.00379,0.07878699898719788,0.0003319999959785491,0.09255599975585938,0.0005000000237487257,18.22486005342921,0.2604621648788452,0.12729737162590027
