,name,psnr,psnr_variance,ssim,ssim_variance,ssim_256,ssim_256_variance,mae,mae_variance,l1,l1_variance,fid,lpips
0,market_v2_highres_align_input_ep3_2shot,16.493289,2.956175,0.587803,0.010379,0.582604,0.003488,0.08119899779558182,0.00032699998700991273,0.09525600075721741,0.0004980000085197389,18.780761549080268,0.2685505747795105
