,name,psnr,psnr_variance,ssim,ssim_variance,ssim_256,ssim_256_variance,mae,mae_variance,l1,l1_variance,fid,lpips,mask_lpips
0,market_v3_res_flow_highres_non_align_input_ep2_1w5_2shot,14.869216,2.911685,0.504178,0.03289,0.300866,0.008269,0.17488700151443481,0.0017310000257566571,0.13825200498104095,0.001028000027872622,18.514739893658827,0.26689413189888,0.13490203022956848
