,name,psnr,psnr_variance,ssim,ssim_variance,ssim_256,ssim_256_variance,mae,mae_variance,l1,l1_variance,fid,lpips,mask_lpips
0,market_v3_res_flow_highres_align_input_ep7_3shot,16.605559,3.145509,0.596482,0.010396,0.586323,0.003482,0.08034899830818176,0.0003459999861661345,0.09423299878835678,0.0005310000269673765,19.773965209628273,0.26389268040657043,0.13032568991184235
