,name,psnr,psnr_variance,ssim,ssim_variance,ssim_256,ssim_256_variance,mae,mae_variance,l1,l1_variance,fid,lpips,mask_lpips
0,market_v3_res_flow_highres_align_input_ep5_5shot,16.877898,3.289765,0.615597,0.010774,0.597728,0.003674,0.07760900259017944,0.00033999999868683517,0.09091699868440628,0.0005130000063218176,17.109505574783583,0.25314417481422424,0.12049069255590439
