,name,psnr,psnr_variance,ssim,ssim_variance,ssim_256,ssim_256_variance,mae,mae_variance,l1,l1_variance,fid,lpips,mask_lpips
0,market_v2_highres_align_input_no_tge_ep3_2shot,14.838381,3.275822,0.502741,0.034825,0.301672,0.009338,0.17656299471855164,0.0019340000580996275,0.1387619972229004,0.0011729999678209424,15.248703141487226,0.26894161105155945,0.13492004573345184
