,name,psnr,psnr_variance,ssim,ssim_variance,ssim_256,ssim_256_variance,mae,mae_variance,l1,l1_variance,fid,lpips,mask_lpips
0,market_v2_highres_align_input_ep3_7shot,16.629547,3.025781,0.597068,0.010613,0.586591,0.003622,0.07978600263595581,0.00033000000985339284,0.09356100112199783,0.0004980000085197389,19.022256938222426,0.26288580894470215,0.1292053610086441
