,name,psnr,psnr_variance,ssim,ssim_variance,ssim_256,ssim_256_variance,mae,mae_variance,l1,l1_variance,fid,lpips
0,market_v2_highres_align_input_ep6_2shot,16.486429,2.93335,0.584569,0.010343,0.582453,0.003485,0.08161299675703049,0.0003229999856557697,0.09563200175762177,0.0004980000085197389,21.972500081710706,0.2718614339828491
