,name,psnr,psnr_variance,ssim,ssim_variance,ssim_256,ssim_256_variance,mae,mae_variance,l1,l1_variance,fid,lpips,mask_lpips
0,market_v3_res_flow_highres_align_input_ep2_1w_2shot,16.505907,3.150994,0.593443,0.01037,0.586561,0.003503,0.08156199753284454,0.00034699999378062785,0.0950310006737709,0.0005339999916031957,17.160636188881398,0.26489847898483276,0.13368923962116241
