,name,psnr,psnr_variance,ssim,ssim_variance,ssim_256,ssim_256_variance,mae,mae_variance,l1,l1_variance,fid,lpips,mask_lpips
0,market_v2_highres_align_input_no_tge_ep3_3shot,14.920936,3.33706,0.515586,0.033706,0.309599,0.009425,0.17479799687862396,0.0019509999547153711,0.13742800056934357,0.0011840000515803695,14.990646683276822,0.2646194100379944,0.13014255464076996
