,name,psnr,psnr_variance,ssim,ssim_variance,ssim_256,ssim_256_variance,mae,mae_variance,l1,l1_variance,fid,lpips
0,market_v3_res_flow_highres_align_input_ep5_2shot,16.435732,2.990246,0.583602,0.010525,0.581226,0.003589,0.08209799975156784,0.0003380000125616789,0.0961889997124672,0.0005159999709576368,19.210070777180135,0.27054697275161743
