,name,psnr,psnr_variance,ssim,ssim_variance,ssim_256,ssim_256_variance,mae,mae_variance,l1,l1_variance,fid,lpips,mask_lpips
0,market_v3_res_flow_highres_non_align_input_ep2_1w_2shot,14.928048,3.037123,0.506396,0.033596,0.302615,0.008619,0.17533700168132782,0.0018240000354126096,0.137473002076149,0.0010779999429360032,18.86873417755413,0.26633888483047485,0.1341163069009781
