,name,psnr,psnr_variance,ssim,ssim_variance,ssim_256,ssim_256_variance,mae,mae_variance,l1,l1_variance,fid,lpips,mask_lpips
0,market_v3_res_flow_highres_align_input_ep2_2w5_2shot,16.486711,3.10751,0.591167,0.010293,0.584668,0.003562,0.0819540023803711,0.00035099999513477087,0.09544999897480011,0.0005389999714680016,18.812777409830716,0.2690144181251526,0.13598749041557312
