,name,psnr,psnr_variance,ssim,ssim_variance,ssim_256,ssim_256_variance,mae,mae_variance,l1,l1_variance,fid,lpips,mask_lpips
0,market_v2_highres_non_align_input_ep3_2shot,14.863261,2.833104,0.498737,0.032042,0.296443,0.008075,0.17497199773788452,0.0016639999812468886,0.13863900303840637,0.0010160000529140234,20.73278720855967,0.2680272161960602,0.13560259342193604
