,name,psnr,psnr_variance,ssim,ssim_variance,ssim_256,ssim_256_variance,mae,mae_variance,l1,l1_variance,fid,lpips,mask_lpips
0,market_v2_highres_align_input_attn_avg_w_tge_ep1_2shot,16.356104,3.049712,0.590691,0.010514,0.583118,0.003533,0.08320199698209763,0.0003459999861661345,0.0967629998922348,0.0005280000041238964,19.73897455334341,0.26736608147621155,0.13490164279937744
