,name,psnr,psnr_variance,ssim,ssim_variance,ssim_256,ssim_256_variance,mae,mae_variance,l1,l1_variance,fid,lpips,mask_lpips
0,market_v2_highres_align_input_ep3_10shot,16.630007,2.9932,0.598447,0.010134,0.586258,0.00352,0.07964099943637848,0.0003220000071451068,0.09357599914073944,0.000493000028654933,18.939551553711482,0.26242801547050476,0.1281769871711731
