,name,psnr,psnr_variance,ssim,ssim_variance,ssim_256,ssim_256_variance,mae,mae_variance,l1,l1_variance,fid,lpips
0,./market_12864,14.336836,2.64319,0.465133,0.033118,0.280831,0.007652,0.1855030059814453,0.0019039999460801482,0.14738599956035614,0.0011129999766126275,19.749987467846637,0.2816663086414337
