,name,psnr,psnr_variance,ssim,ssim_variance,ssim_256,ssim_256_variance,mae,mae_variance,l1,l1_variance,fid,lpips,mask_lpips
0,market_v2_highres_align_input_ep1_10shot,16.564712,3.17882,0.609338,0.010469,0.589608,0.003801,0.08072300255298615,0.0003440000000409782,0.09410200268030167,0.0005239999736659229,20.762980800811818,0.2579593062400818,0.12302964925765991
