,name,psnr,psnr_variance,ssim,ssim_variance,ssim_256,ssim_256_variance,mae,mae_variance,l1,l1_variance,fid,lpips,mask_lpips
0,market_v3_res_flow_highres_align_input_ep2_1w_5shot,16.851096,3.273475,0.617989,0.010514,0.593239,0.003819,0.07765399664640427,0.0003319999959785491,0.09077200293540955,0.0005000000237487257,16.82354688040789,0.24880976974964142,0.1175333708524704
