,name,psnr,psnr_variance,ssim,ssim_variance,ssim_256,ssim_256_variance,mae,mae_variance,l1,l1_variance,fid,lpips,mask_lpips
0,market_v3_res_flow_highres_align_input_ep4_5shot,16.844817,3.190664,0.614925,0.010746,0.594969,0.00367,0.07750900089740753,0.0003349999897181988,0.09101500362157822,0.0005009999731555581,16.6122726998519,0.25355345010757446,0.12011199444532394
