,name,psnr,psnr_variance,ssim,ssim_variance,ssim_256,ssim_256_variance,mae,mae_variance,l1,l1_variance,fid,lpips
0,market_v2_highres_align_input_ep8_2shot,16.39987,2.909858,0.582595,0.010158,0.580378,0.003434,0.08263599872589111,0.00032699998700991273,0.09646099805831909,0.000506000011228025,22.167408119710103,0.2715682089328766
