,name,psnr,psnr_variance,ssim,ssim_variance,ssim_256,ssim_256_variance,mae,mae_variance,l1,l1_variance,fid,lpips,mask_lpips
0,market_v3_res_flow_highres_align_input_ep2_2w_10shot,17.253574,3.559317,0.639344,0.010932,0.606542,0.004045,0.07368899881839752,0.0003260000084992498,0.08638600260019302,0.0004889999981969595,16.877816951615983,0.2375631034374237,0.10761360079050064
