,name,psnr,psnr_variance,ssim,ssim_variance,ssim_256,ssim_256_variance,mae,mae_variance,l1,l1_variance,fid,lpips,mask_lpips
0,market_v3_res_flow_highres_align_input_ep2_2shot,16.449864,3.091972,0.590855,0.010692,0.582777,0.003712,0.0815809965133667,0.00034100000630132854,0.095660001039505,0.0005239999736659229,15.716286386630657,0.2667587101459503,0.13393309712409973
