,name,psnr,psnr_variance,ssim,ssim_variance,ssim_256,ssim_256_variance,mae,mae_variance,l1,l1_variance,fid,lpips,mask_lpips
0,market_v2_highres_align_input_no_tge_attn_avg_ep4-2w-_2shot,16.422082,3.24479,0.58613,0.011167,0.583603,0.003658,0.08195800334215164,0.0003809999907389283,0.09593100100755692,0.0005729999975301325,13.644730328365824,0.2698756456375122,0.1379690170288086
