,name,psnr,psnr_variance,ssim,ssim_variance,ssim_256,ssim_256_variance,mae,mae_variance,l1,l1_variance,fid,lpips,mask_lpips
0,market_v3_res_flow_highres_align_input_ep2_1w_3shot,16.687779,3.108344,0.605869,0.010257,0.588713,0.003584,0.079196996986866,0.0003330000035930425,0.0930040031671524,0.0005099999834783375,16.903419210939205,0.2595696449279785,0.12702202796936035
