,name,psnr,psnr_variance,ssim,ssim_variance,ssim_256,ssim_256_variance,mae,mae_variance,l1,l1_variance,fid,lpips,mask_lpips
0,market_v3_res_flow_highres_align_input_ep2_1w_1shot,16.322882,3.115104,0.582027,0.010362,0.58194,0.003392,0.08347900211811066,0.00036700000055134296,0.0971900001168251,0.0005549999768845737,17.3617323739862,0.2729925811290741,0.14179179072380066
