,name,psnr,psnr_variance,ssim,ssim_variance,ssim_256,ssim_256_variance,mae,mae_variance,l1,l1_variance,fid,lpips,mask_lpips
0,market_v2_highres_align_input_attn_avg_w_tge_ep3_2shot,16.445979,2.972038,0.587779,0.010366,0.581481,0.003561,0.08190499991178513,0.00033000000985339284,0.09567400068044662,0.0005050000036135316,19.591049819839384,0.26890772581100464,0.1364351511001587
