,name,psnr,psnr_variance,ssim,ssim_variance,ssim_256,ssim_256_variance,mae,mae_variance,l1,l1_variance,fid,lpips,mask_lpips
0,market_v2_highres_align_input_ep1_7shot,16.560302,3.196381,0.608186,0.010776,0.589946,0.00386,0.08092799782752991,0.0003480000013951212,0.09415300190448761,0.0005280000041238964,20.496683191511124,0.25834786891937256,0.12451563775539398
