,name,psnr,psnr_variance,ssim,ssim_variance,ssim_256,ssim_256_variance,mae,mae_variance,l1,l1_variance,fid,lpips,mask_lpips
0,market_GFLA,16.04427,2.711126,0.567217,0.010374,0.569097,0.003097,0.08529400080442429,0.00035099999513477087,0.10051000118255615,0.0005290000117383897,19.750083591347362,0.28166434168815613,0.14825087785720825
