,name,psnr,psnr_variance,ssim,ssim_variance,ssim_256,ssim_256_variance,mae,mae_variance,l1,l1_variance,fid,lpips,mask_lpips
0,market_v2_highres_align_input_no_tge_attn_avg_ep4_2shot,16.301283,3.081762,0.58315,0.010618,0.577337,0.003522,0.0831179991364479,0.00035799999022856355,0.09703599661588669,0.0005440000095404685,11.820682627869758,0.2685842216014862,0.13716396689414978
