,name,psnr,psnr_variance,ssim,ssim_variance,ssim_256,ssim_256_variance,mae,mae_variance,l1,l1_variance,fid,lpips,mask_lpips
0,market_v2_highres_align_input_ep2_10shot,16.750328,3.077324,0.609128,0.010297,0.592739,0.003704,0.0786060020327568,0.0003209999995306134,0.09252399951219559,0.0004889999981969595,18.16922252319472,0.2601386606693268,0.12591327726840973
