,name,psnr,psnr_variance,ssim,ssim_variance,ssim_256,ssim_256_variance,mae,mae_variance,l1,l1_variance,fid,lpips,mask_lpips
0,market_v2_highres_align_input_no_tge_attn_avg_ep5_2shot,16.422759,3.189578,0.584303,0.01071,0.582066,0.003576,0.08245199918746948,0.0003659999929368496,0.09612700343132019,0.0005540000274777412,13.708811418222922,0.2701660394668579,0.13707301020622253
