,name,psnr,psnr_variance,ssim,ssim_variance,ssim_256,ssim_256_variance,mae,mae_variance,l1,l1_variance,fid,lpips
0,market_v2_highres_align_input_ep1_2shot,16.358069,3.105175,0.593328,0.010576,0.583824,0.003723,0.08302800357341766,0.0003499999875202775,0.09659399837255478,0.0005329999839887023,20.19250323972608,0.26663145422935486
