,name,psnr,psnr_variance,ssim,ssim_variance,ssim_256,ssim_256_variance,mae,mae_variance,l1,l1_variance,fid,lpips,mask_lpips
0,market_v3_res_flow_highres_non_align_input_ep2_5k_2shot,14.886845,3.036856,0.510235,0.032493,0.30853,0.008558,0.17710499465465546,0.0017969999462366104,0.13779300451278687,0.0010789999505504966,21.46589726167852,0.266014963388443,0.133272185921669
