,name,psnr,psnr_variance,ssim,ssim_variance,ssim_256,ssim_256_variance,mae,mae_variance,l1,l1_variance,fid,lpips,mask_lpips
0,market_v3_res_flow_highres_align_input_ep4_3shot,16.582559,3.22983,0.600245,0.01051,0.588791,0.003725,0.08064500242471695,0.0003539999888744205,0.09421700239181519,0.0005450000171549618,18.651760364786128,0.2624172568321228,0.12771104276180267
