,name,psnr,psnr_variance,ssim,ssim_variance,ssim_256,ssim_256_variance,mae,mae_variance,l1,l1_variance,fid,lpips,mask_lpips
0,market_v2_highres_align_input_attn_avg_w_tge_ep2_2shot,16.454311,2.808128,0.591087,0.010327,0.581116,0.003497,0.0810990035533905,0.00031999999191612005,0.09556899964809418,0.0004839999892283231,15.819935776681575,0.267621248960495,0.1368790715932846
