,name,psnr,psnr_variance,ssim,ssim_variance,ssim_256,ssim_256_variance,mae,mae_variance,l1,l1_variance,fid,lpips,mask_lpips
0,market_v2_highres_align_input_ep3_5shot,16.584189,2.979589,0.595009,0.010509,0.584577,0.003415,0.0802370011806488,0.00033400001120753586,0.09424000233411789,0.0005029999883845448,18.699451341851073,0.2646532356739044,0.13042888045310974
