,name,psnr,psnr_variance,ssim,ssim_variance,ssim_256,ssim_256_variance,mae,mae_variance,l1,l1_variance,fid,lpips,mask_lpips
0,market_ABF_2shot_epoch23,16.483834,3.089232,0.58839,0.010492,0.603604,0.003043,0.08050200343132019,0.00036199999158270657,0.0953729972243309,0.0005259999888949096,32.36383380220181,0.290122389793396,0.13798362016677856
