,name,psnr,psnr_variance,ssim,ssim_variance,ssim_256,ssim_256_variance,mae,mae_variance,l1,l1_variance,fid,lpips,mask_lpips
0,market_v2_highres_align_input_no_tge_ep1_2shot,14.531535,2.887895,0.486104,0.032955,0.288464,0.008426,0.1825769990682602,0.0018850000342354178,0.1436450034379959,0.0011050000321120024,15.730014994204794,0.2684440016746521,0.13848558068275452
