,name,psnr,psnr_variance,ssim,ssim_variance,ssim_256,ssim_256_variance,mae,mae_variance,l1,l1_variance,fid,lpips,mask_lpips
0,market_v3_res_flow_highres_align_input_ep2_2w5_3shot,16.716684,3.226977,0.605471,0.0105,0.592523,0.003683,0.0790729969739914,0.0003429999924264848,0.09283000230789185,0.0005249999812804163,17.593170521008062,0.26085343956947327,0.12706619501113892
