,name,psnr,psnr_variance,ssim,ssim_variance,ssim_256,ssim_256_variance,mae,mae_variance,l1,l1_variance,fid,lpips,mask_lpips
0,market_v3_res_flow_highres_align_input_ep1_1w_5shot,16.88297,3.090212,0.621152,0.010655,0.594448,0.003628,0.07676099985837936,0.00032900000223889947,0.09050700068473816,0.0004839999892283231,17.04974909658614,0.24907223880290985,0.11962500214576721
