,name,psnr,psnr_variance,ssim,ssim_variance,ssim_256,ssim_256_variance,mae,mae_variance,l1,l1_variance,fid,lpips,mask_lpips
0,market_v3_res_flow_highres_align_input_ep2_1w_7shot,17.009922,3.427178,0.629603,0.011141,0.602629,0.004065,0.07545600086450577,0.00033400001120753586,0.08860799670219421,0.0004980000085197389,15.071768936586238,0.24306638538837433,0.11281218379735947
