,name,psnr,psnr_variance,ssim,ssim_variance,ssim_256,ssim_256_variance,mae,mae_variance,l1,l1_variance,fid,lpips,mask_lpips
0,market_v3_res_flow_highres_align_input_ep2_0_2shot,14.713859,2.980859,0.503906,0.033058,0.306726,0.008675,0.1788800060749054,0.0018159999744966626,0.14038999378681183,0.001095999963581562,16.67454233620097,0.2679360806941986,0.1346615105867386
