,name,psnr,psnr_variance,ssim,ssim_variance,ssim_256,ssim_256_variance,mae,mae_variance,l1,l1_variance,fid,lpips,mask_lpips
0,market_v2_highres_align_input_attn_avg_w_tge_ep4_2shot,16.514636,3.033408,0.590292,0.010532,0.584939,0.003469,0.08134900033473969,0.00033999999868683517,0.0951559990644455,0.000514000013936311,20.352041371548893,0.27028191089630127,0.13702188432216644
