,name,psnr,psnr_variance,ssim,ssim_variance,ssim_256,ssim_256_variance,mae,mae_variance,l1,l1_variance,fid,lpips,mask_lpips
0,market_v3_res_flow_highres_align_input_ep5_3shot,16.661481,3.20772,0.598394,0.010445,0.588263,0.003574,0.0799340009689331,0.0003459999861661345,0.09352599829435349,0.000534999999217689,17.41219359239895,0.262310266494751,0.12919163703918457
