,name,psnr,psnr_variance,ssim,ssim_variance,ssim_256,ssim_256_variance,mae,mae_variance,l1,l1_variance,fid,lpips,mask_lpips
0,market_v2_highres_align_input_no_tge_attn_avg_ep1_2shot,16.03541,2.967002,0.57052,0.010433,0.571928,0.003726,0.08681199699640274,0.0003650000144261867,0.1006070002913475,0.0005660000024363399,16.851193561773528,0.27440500259399414,0.1428874433040619
