,name,psnr,psnr_variance,ssim,ssim_variance,ssim_256,ssim_256_variance,mae,mae_variance,l1,l1_variance,fid,lpips,mask_lpips
0,market_v2_highres_align_input_ep3_3shot,16.544552,2.990079,0.592141,0.010307,0.584428,0.003475,0.08060599863529205,0.00033099998836405575,0.09465999901294708,0.000506000011228025,18.723208025490692,0.2659468352794647,0.13166840374469757
