,name,psnr,psnr_variance,ssim,ssim_variance,ssim_256,ssim_256_variance,mae,mae_variance,l1,l1_variance,fid,lpips,mask_lpips
0,market_v3_res_flow_highres_non_align_input_ep2_0_2shot,14.681264,2.842356,0.502644,0.033019,0.300212,0.00819,0.17507800459861755,0.0018469999777153134,0.14154000580310822,0.0010550000006332994,17.80767996173327,0.26738548278808594,0.1365700215101242
