,name,psnr,psnr_variance,ssim,ssim_variance,ssim_256,ssim_256_variance,mae,mae_variance,l1,l1_variance,fid,lpips
0,market_v2_highres_align_input_ep5_2shot,16.505236,2.940441,0.585804,0.010277,0.580931,0.003572,0.0814329981803894,0.00031800000579096377,0.0956220030784607,0.0004910000134259462,20.502065817046457,0.270305335521698
