,name,psnr,psnr_variance,ssim,ssim_variance,ssim_256,ssim_256_variance,mae,mae_variance,l1,l1_variance,fid,lpips,mask_lpips
0,market_v2_highres_align_input_ep2_2shot,16.581974,3.032067,0.595567,0.010503,0.587809,0.003657,0.08041500300168991,0.0003279999946244061,0.09448999911546707,0.0004980000085197389,17.70118187106044,0.2679322063922882,0.13455210626125336
