,name,psnr,psnr_variance,ssim,ssim_variance,ssim_256,ssim_256_variance,mae,mae_variance,l1,l1_variance,fid,lpips,mask_lpips
0,market_v2_highres_align_input_attn_avg_w_tge_ep5_2shot,16.546039,2.985871,0.587378,0.010284,0.583501,0.003481,0.08101999759674072,0.0003239999932702631,0.0948140025138855,0.0004949999856762588,21.54084186154853,0.27101603150367737,0.13788655400276184
