,name,psnr,psnr_variance,ssim,ssim_variance,ssim_256,ssim_256_variance,mae,mae_variance,l1,l1_variance,fid,lpips,mask_lpips
0,market_v3_res_flow_highres_align_input_ep3_10shot,17.17904,3.67472,0.63692,0.011247,0.607679,0.00424,0.0745059996843338,0.00034100000630132854,0.0871800035238266,0.0005130000063218176,16.163295363200405,0.2399393916130066,0.10782697051763535
