,name,psnr,psnr_variance,ssim,ssim_variance,ssim_256,ssim_256_variance,mae,mae_variance,l1,l1_variance,fid,lpips
0,market_v3_res_flow_highres_align_input_ep3_2shot,16.538749,3.124757,0.591994,0.010764,0.585961,0.003612,0.08082400262355804,0.00034699999378062785,0.09494300186634064,0.0005259999888949096,18.643721450609178,0.26974034309387207
