,name,psnr,psnr_variance,ssim,ssim_variance,ssim_256,ssim_256_variance,mae,mae_variance,l1,l1_variance,fid,lpips,mask_lpips
0,market_v2_highres_align_input_no_tge_ep2_3shot,14.724597,3.140148,0.512888,0.033674,0.304663,0.008828,0.17633900046348572,0.0020459999796003103,0.14018699526786804,0.0011980000417679548,14.448572295013832,0.26124298572540283,0.13128498196601868
