,name,psnr,psnr_variance,ssim,ssim_variance,ssim_256,ssim_256_variance,mae,mae_variance,l1,l1_variance,fid,lpips,mask_lpips
0,market_v3_res_flow_highres_align_input_ep2_5k_2shot,14.847084,3.090796,0.499769,0.033172,0.302746,0.008487,0.17695699632167816,0.0018220000201836228,0.1388300061225891,0.0011080000549554825,18.48755429091935,0.2675400376319885,0.13438540697097778
