,name,psnr,psnr_variance,ssim,ssim_variance,ssim_256,ssim_256_variance,mae,mae_variance,l1,l1_variance,fid,lpips,mask_lpips
0,market_v2_highres_non_align_input_ep1_2shot,14.657927,3.134937,0.505076,0.033551,0.304793,0.008574,0.1835940033197403,0.0019259999971836805,0.14145299792289734,0.0011650000233203173,19.192792942585953,0.26661229133605957,0.13393206894397736
