,name,psnr,psnr_variance,ssim,ssim_variance,ssim_256,ssim_256_variance,mae,mae_variance,l1,l1_variance,fid,lpips,mask_lpips
0,market_ABF_2shot,16.34263,3.104689,0.579428,0.009582,0.6022,0.003504,0.0842680037021637,0.0003600000054575503,0.09708599746227264,0.0005380000220611691,42.313997901249735,0.303991436958313,0.14607807993888855
