,name,psnr,psnr_variance,ssim,ssim_variance,ssim_256,ssim_256_variance,mae,mae_variance,l1,l1_variance,fid,lpips,mask_lpips
0,market_v3_res_flow_highres_align_input_ep3_7shot,16.944667,3.353921,0.627403,0.011135,0.600793,0.004016,0.07591299712657928,0.0003279999946244061,0.08946699649095535,0.0004910000134259462,14.193630496212847,0.2423301339149475,0.11298246681690216
