,name,psnr,psnr_variance,ssim,ssim_variance,ssim_256,ssim_256_variance,mae,mae_variance,l1,l1_variance,fid,lpips,mask_lpips
0,market_v3_res_flow_highres_align_input_ep2_2w_5shot,16.923657,3.299551,0.619711,0.010857,0.597656,0.00374,0.07690300047397614,0.0003420000139158219,0.09024500101804733,0.0005070000188425183,15.168939012790872,0.25097665190696716,0.11861396580934525
