,name,psnr,psnr_variance,ssim,ssim_variance,ssim_256,ssim_256_variance,mae,mae_variance,l1,l1_variance,fid,lpips,mask_lpips
0,market_ABF_2shot_epoch_59,16.435149,3.330979,0.588323,0.010679,0.598426,0.003632,0.08209899812936783,0.00037799999699927866,0.0955279991030693,0.0005619999719783664,30.27437977278788,0.28785282373428345,0.1390073001384735
