,name,psnr,psnr_variance,ssim,ssim_variance,ssim_256,ssim_256_variance,mae,mae_variance,l1,l1_variance,fid,lpips,mask_lpips
0,market_v3_res_flow_highres_align_input_ep3_5shot,16.749389,3.246436,0.615582,0.010685,0.592962,0.003643,0.0783810019493103,0.00034500000765547156,0.0916140004992485,0.000514000013936311,16.372903248319602,0.25112757086753845,0.11841177195310593
