,name,psnr,psnr_variance,ssim,ssim_variance,ssim_256,ssim_256_variance,mae,mae_variance,l1,l1_variance,fid,lpips,mask_lpips
0,market_v3_res_flow_highres_align_input_ep2_1w_10shot,17.055738,3.473914,0.636018,0.011048,0.601603,0.004001,0.07514999806880951,0.00033099998836405575,0.0880659967660904,0.0004970000009052455,14.242285341665479,0.23598086833953857,0.10746067762374878
