,name,psnr,psnr_variance,ssim,ssim_variance,ssim_256,ssim_256_variance,mae,mae_variance,l1,l1_variance,fid,lpips,mask_lpips
0,market_v2_highres_non_align_input_ep2_2shot,14.821707,2.890712,0.505118,0.03197,0.304286,0.008351,0.17694500088691711,0.0016710000345483422,0.13868899643421173,0.001032999949529767,19.6653060537667,0.2666059732437134,0.1332780122756958
