,name,psnr,psnr_variance,ssim,ssim_variance,ssim_256,ssim_256_variance,mae,mae_variance,l1,l1_variance,fid,lpips,mask_lpips
0,market_v3_res_flow_highres_align_input_ep6_3shot,16.590602,3.076288,0.597459,0.010254,0.586705,0.003498,0.08005800098180771,0.0003370000049471855,0.09413599967956543,0.0005169999785721302,19.31147885171842,0.26468488574028015,0.13056634366512299
