,name,psnr,psnr_variance,ssim,ssim_variance,ssim_256,ssim_256_variance,mae,mae_variance,l1,l1_variance,fid,lpips,mask_lpips
0,market_v2_highres_align_input_no_tge_ep4_2shot,14.673856,3.093842,0.495674,0.033452,0.297835,0.008696,0.18054500222206116,0.0019509999547153711,0.1409129947423935,0.0011520000407472253,13.002146663892745,0.2657371461391449,0.1338895857334137
