,name,psnr,psnr_variance,ssim,ssim_variance,ssim_256,ssim_256_variance,mae,mae_variance,l1,l1_variance,fid,lpips
0,market_v3_res_flow_highres_align_input_ep4_2shot,16.539597,3.122158,0.588415,0.010606,0.585722,0.003573,0.08130200207233429,0.00033999999868683517,0.09499099850654602,0.000522000016644597,18.460637629002036,0.26997509598731995
