,name,psnr,psnr_variance,ssim,ssim_variance,ssim_256,ssim_256_variance,mae,mae_variance,l1,l1_variance,fid,lpips,mask_lpips
0,market_v2_highres_align_input_no_tge_ep4_3shot,14.750174,3.134879,0.508146,0.032279,0.30501,0.008824,0.1787720024585724,0.0019499999471008778,0.1396069973707199,0.0011549999471753836,12.960458028153937,0.2610127925872803,0.12906953692436218
