,name,psnr,psnr_variance,ssim,ssim_variance,ssim_256,ssim_256_variance,mae,mae_variance,l1,l1_variance,fid,lpips,mask_lpips
0,market_v3_res_flow_highres_align_input_ep1_1w_10shot,17.118574,3.447008,0.637866,0.010728,0.603543,0.004072,0.07448100298643112,0.0003209999995306134,0.08731400221586227,0.0004799999878741801,15.2404670962066,0.2362532764673233,0.10826338082551956
