,name,psnr,psnr_variance,ssim,ssim_variance,ssim_256,ssim_256_variance,mae,mae_variance,l1,l1_variance,fid,lpips,mask_lpips
0,market_v3_res_flow_highres_align_input_ep4_7shot,16.933736,3.20717,0.623254,0.010957,0.59751,0.00385,0.07624199986457825,0.0003239999932702631,0.08957000076770782,0.0004839999892283231,14.126470245508642,0.24444261193275452,0.11454979330301285
