,name,psnr,psnr_variance,ssim,ssim_variance,ssim_256,ssim_256_variance,mae,mae_variance,l1,l1_variance,fid,lpips,mask_lpips
0,market_v2_highres_align_input_ep2_5shot,16.696041,3.044668,0.605125,0.01062,0.590752,0.003593,0.07925400137901306,0.0003319999959785491,0.09324300289154053,0.0004990000161342323,17.70944418928667,0.2628500163555145,0.12908029556274414
