,name,psnr,psnr_variance,ssim,ssim_variance,ssim_256,ssim_256_variance,mae,mae_variance,l1,l1_variance,fid,lpips,mask_lpips
0,market_v3_res_flow_highres_align_input_ep2_2w_7shot,17.065935,3.401384,0.629007,0.011297,0.603781,0.003984,0.0753370001912117,0.00032900000223889947,0.08824600279331207,0.0004920000210404396,16.0306697325874,0.24225212633609772,0.11302827298641205
