,name,psnr,psnr_variance,ssim,ssim_variance,ssim_256,ssim_256_variance,mae,mae_variance,l1,l1_variance,fid,lpips
0,market_v3_res_flow_highres_align_input_ep8_2shotn,16.451871,3.125317,0.581618,0.010604,0.583377,0.003526,0.08234000205993652,0.0003499999875202775,0.09608999639749527,0.0005380000220611691,21.414316335113625,0.27530092000961304
