,name,psnr,psnr_variance,ssim,ssim_variance,ssim_256,ssim_256_variance,mae,mae_variance,l1,l1_variance,fid,lpips,mask_lpips
0,market_v2_highres_align_input_ep1_3shot,16.434477,3.17703,0.600183,0.010463,0.586174,0.003701,0.08219999819993973,0.00035200000274926424,0.09572599828243256,0.0005389999714680016,20.440510006756057,0.2625770568847656,0.12808500230312347
