,name,psnr,psnr_variance,ssim,ssim_variance,ssim_256,ssim_256_variance,mae,mae_variance,l1,l1_variance,fid,lpips
0,ours_face_7shot,22.247436,15.021154,0.840221,0.009512,0.739007,0.00863,0.07286199927330017,0.0010979999788105488,0.048875998705625534,0.00048600000445730984,8.031971613529464,0.12255716323852539
