,name,psnr,psnr_variance,ssim,ssim_variance,ssim_256,ssim_256_variance,mae,mae_variance,l1,l1_variance,fid,lpips
0,PATN_eval_176,18.255321,5.792315,0.739198,0.008676,0.771625,0.004457,0.030612999573349953,0.00021600000036414713,0.05048200115561485,0.0004140000091865659,20.744885195609243,0.2533244490623474
