,name,psnr,psnr_variance,ssim,ssim_variance,ssim_256,ssim_256_variance,mae,mae_variance,l1,l1_variance,fid,lpips
0,PATN_eval,18.608403,6.032722,0.751003,0.008604,0.77938,0.00439,0.029719000682234764,0.00020700000459328294,0.048990000039339066,0.00039599998854100704,20.631503277467402,0.2553417384624481
