,name,psnr,psnr_variance,ssim,ssim_variance,ssim_256,ssim_256_variance,mae,mae_variance,l1,l1_variance,fid,lpips
0,PISE_fashion_176,18.521728,6.942087,0.745522,0.009849,0.767579,0.005213,0.029472000896930695,0.00022000000171829015,0.04858500137925148,0.0004360000020824373,11.524139682362858,0.20774778723716736
