,name,psnr,psnr_variance,ssim,ssim_variance,ssim_256,ssim_256_variance,mae,mae_variance,l1,l1_variance,fid,lpips
0,shapenet_ours_dark_ep16_2shot,18.27755,7.965932,0.806645,0.012331,0.866521,0.002138,0.019996000453829765,8.600000001024455e-05,0.035326000303030014,0.0002530000056140125,10.123259736890247,0.09607113152742386
