,name,psnr,psnr_variance,ssim,ssim_variance,ssim_256,ssim_256_variance,mae,mae_variance,l1,l1_variance,fid,lpips
0,shapenet_multiview,21.30587,11.158472,0.82757,0.009218,0.890526,0.001655,0.012427999638020992,4.600000102072954e-05,0.022597000002861023,0.00014000000373926014,22.876372365566397,0.10119588673114777
