,name,psnr,psnr_variance,ssim,ssim_variance,ssim_256,ssim_256_variance,mae,mae_variance,l1,l1_variance,lpips
0,shapenet_ours,20.026517,10.058701,0.792689,0.010505,0.871816,0.001652,0.015413999557495117,5.900000178371556e-05,0.02802800014615059,0.00017600000137463212,0.10343862324953079
