,name,psnr,psnr_variance,ssim,ssim_variance,ssim_256,ssim_256_variance,mae,mae_variance,l1,l1_variance,fid,lpips
0,shapenet_multiview_dark_ep16_2shot,18.979668,8.590811,0.817033,0.012621,0.87638,0.002159,0.01743900030851364,7.500000356230885e-05,0.030804000794887543,0.00021899999410379678,28.87635784347563,0.11551953852176666
