,name,psnr,psnr_variance,ssim,ssim_variance,ssim_256,ssim_256_variance,mae,mae_variance,l1,l1_variance,fid,lpips
0,shapenet_ours_dark_ep16,19.718019,8.046325,0.852738,0.008992,0.888986,0.001749,0.015937000513076782,5.2999999752501026e-05,0.028161000460386276,0.00015500000154133886,7.696693788613203,0.07284578680992126
