,name,psnr,psnr_variance,ssim,ssim_variance,ssim_256,ssim_256_variance,mae,mae_variance,l1,l1_variance,fid,lpips
0,shapenet_ours_ep16,20.519256,10.47439,0.812918,0.010489,0.882022,0.001697,0.013983000069856644,5.400000009103678e-05,0.025388000532984734,0.0001630000042496249,10.02940286241062,0.09008000791072845
