,name,psnr,psnr_variance,ssim,ssim_variance,ssim_256,ssim_256_variance,mae,mae_variance,l1,l1_variance,fid,lpips
0,shapenet_multiview_dark,20.46486,8.766511,0.863202,0.008769,0.898624,0.001666,0.013759000226855278,4.600000102072954e-05,0.0243149995803833,0.00013699999544769526,21.919970589128184,0.09008623659610748
