,name,psnr,psnr_variance,ssim,ssim_variance,ssim_256,ssim_256_variance,mae,mae_variance,l1,l1_variance,fid,lpips
0,Talking_head_face_7shot,18.750753,6.932997,0.661605,0.008835,0.611664,0.006573,0.12071699649095535,0.0013589999871328473,0.08073700219392776,0.0005469999741762877,30.482763953596475,0.26318857073783875
