,name,psnr,psnr_variance,ssim,ssim_variance,ssim_256,ssim_256_variance,mae,mae_variance,l1,l1_variance,fid,lpips
0,Talking_head_face_7shot_ep4,18.586386,7.205556,0.670284,0.009204,0.62188,0.006673,0.12133300304412842,0.0014390000142157078,0.0802839994430542,0.000582000007852912,30.51546083406558,0.2615886330604553
