,name,psnr,psnr_variance,ssim,ssim_variance,ssim_256,ssim_256_variance,mae,mae_variance,l1,l1_variance,fid,lpips
0,v11_highres_align_input_adain_decoder_ep25_1w_2shot,19.888446,7.242772,0.795013,0.008173,0.809113,0.004653,0.024821000173687935,0.00014600000577047467,0.04085699841380119,0.00028899998869746923,11.287742347463109,0.17786827683448792
