,name,psnr,psnr_variance,ssim,ssim_variance,ssim_256,ssim_256_variance,mae,mae_variance,l1,l1_variance,fid,lpips
0,v11_highres_align_input_adain_decoder_ep24_2shot,19.848799,7.444002,0.794385,0.008391,0.80924,0.004656,0.024939000606536865,0.00014899999951012433,0.041019998490810394,0.00029399999766610563,10.711061738711663,0.17891031503677368
