,name,psnr,psnr_variance,ssim,ssim_variance,ssim_256,ssim_256_variance,mae,mae_variance,l1,l1_variance,fid,lpips
0,v11_highres_align_input_adain_decoder_ep15_2shot,19.835006,7.392139,0.794051,0.008491,0.809883,0.004693,0.02470799908041954,0.00015700000221841037,0.04075799882411957,0.00030899999546818435,11.083220856021342,0.17962296307086945
