,name,psnr,psnr_variance,ssim,ssim_variance,ssim_256,ssim_256_variance,mae,mae_variance,l1,l1_variance,fid,lpips
0,v11_adain_decoder_ep6_2shot,19.454348,6.601272,0.781974,0.008377,0.802915,0.004511,0.026815999299287796,0.00016700000560376793,0.0440329983830452,0.0003150000120513141,14.871682092930826,0.19778841733932495
