,name,psnr,psnr_variance,ssim,ssim_variance,ssim_256,ssim_256_variance,mae,mae_variance,l1,l1_variance,fid,lpips
0,v11_highres_align_input_adain_decoder_ep7_2shot,19.65761,7.269036,0.790225,0.008633,0.806554,0.004679,0.025591999292373657,0.00016399999731220305,0.04204700142145157,0.00031900001340545714,11.645474344486473,0.18481877446174622
