,name,psnr,psnr_variance,ssim,ssim_variance,ssim_256,ssim_256_variance,mae,mae_variance,l1,l1_variance,fid,lpips
0,v11_highres_align_input_adain_decoder_ep27_2shot,19.848038,7.361608,0.795823,0.008417,0.80915,0.004773,0.024824000895023346,0.00015500000154133886,0.040814001113176346,0.0003060000017285347,10.47867482495252,0.17723359167575836
