,name,psnr,psnr_variance,ssim,ssim_variance,ssim_256,ssim_256_variance,mae,mae_variance,l1,l1_variance,fid,lpips
0,v11_adain_decoder_no_attn_reg_ep7_2shot,19.528691,6.828568,0.781226,0.008404,0.801997,0.004545,0.026115000247955322,0.00015900000289548188,0.042962998151779175,0.00030499999411404133,13.26843099199624,0.19325397908687592
