,name,psnr,psnr_variance,ssim,ssim_variance,ssim_256,ssim_256_variance,mae,mae_variance,l1,l1_variance,fid,lpips
0,v11_adain_decoder_ep7_2shot,19.41881,6.559579,0.780669,0.008331,0.801484,0.004503,0.026151999831199646,0.00015300000086426735,0.043147001415491104,0.000299000006634742,14.136227837265125,0.1937256008386612
