,name,psnr,psnr_variance,ssim,ssim_variance,ssim_256,ssim_256_variance,mae,mae_variance,l1,l1_variance,fid,lpips
0,v11_highres_align_input_adain_decoder_ep25_1w5_2shot,19.890577,7.563996,0.796598,0.008507,0.809863,0.004711,0.024757999926805496,0.00015500000154133886,0.04067099839448929,0.00030399998649954796,10.936100684466567,0.17812691628932953
