,name,psnr,psnr_variance,ssim,ssim_variance,ssim_256,ssim_256_variance,mae,mae_variance,l1,l1_variance,fid,lpips
0,v12_decoder_attn_ep15_0_2shot,19.614758,7.282152,0.78771,0.008679,0.804557,0.004797,0.025736000388860703,0.00016500000492669642,0.0423320010304451,0.00031999999191612005,11.747979421590003,0.18449687957763672
