,name,psnr,psnr_variance,ssim,ssim_variance,ssim_256,ssim_256_variance,mae,mae_variance,l1,l1_variance,fid,lpips
0,v12_decoder_attn_ep13_0_2shot,19.62778,7.308861,0.789061,0.008755,0.806113,0.004718,0.02543400041759014,0.0001720000000204891,0.04190399870276451,0.0003330000035930425,12.502689237827582,0.1837816685438156
