,name,psnr,psnr_variance,ssim,ssim_variance,ssim_256,ssim_256_variance,mae,mae_variance,l1,l1_variance,fid,lpips
0,v12_decoder_attn_ep7_2shot,19.641983,7.248102,0.784165,0.008875,0.802546,0.004806,0.02588699944317341,0.00018400000408291817,0.04262800142168999,0.0003499999875202775,12.63843319307631,0.18769769370555878
