,name,psnr,psnr_variance,ssim,ssim_variance,ssim_256,ssim_256_variance,mae,mae_variance,l1,l1_variance,fid,lpips
0,v12_decoder_attn_ep7_1w5_2shot,19.58401,6.981285,0.786658,0.008823,0.80311,0.004724,0.02609200030565262,0.00017899999511428177,0.04278400167822838,0.0003389999910723418,12.9054599825146,0.18737316131591797
