,name,psnr,psnr_variance,ssim,ssim_variance,ssim_256,ssim_256_variance,mae,mae_variance,l1,l1_variance,fid,lpips
0,v12_decoder_attn_ep10_0_2shot,19.689516,7.361428,0.785871,0.00884,0.803326,0.004829,0.02582399919629097,0.00017800000205170363,0.04246100038290024,0.00033999999868683517,12.936278845682807,0.18460293114185333
