,name,psnr,psnr_variance,ssim,ssim_variance,ssim_256,ssim_256_variance,mae,mae_variance,l1,l1_variance,fid,lpips
0,v13_no_bone_w_reg_align_input_ep10_2shot,19.742908,7.283081,0.791982,0.008699,0.808176,0.004713,0.02506900019943714,0.00016500000492669642,0.04134099930524826,0.0003229999856557697,11.143895973652178,0.17973504960536957
