,name,psnr,psnr_variance,ssim,ssim_variance,ssim_256,ssim_256_variance,mae,mae_variance,l1,l1_variance,fid,lpips
0,v13_no_bone_w_reg_align_input_ep27_1w_2shot_0222,19.838977,7.600356,0.794086,0.008704,0.80865,0.004846,0.024932000786066055,0.00015999999595806003,0.040995001792907715,0.00031400000443682075,10.416182388714844,0.177029550075531
