,name,psnr,psnr_variance,ssim,ssim_variance,ssim_256,ssim_256_variance,mae,mae_variance,l1,l1_variance,fid,lpips
0,v13_no_bone_w_reg_align_input_ep12_2shot,19.740321,7.095247,0.792812,0.008456,0.805995,0.004682,0.025536000728607178,0.00015799999528098851,0.04191200062632561,0.00030700000934302807,10.978038870873235,0.17914271354675293
