,name,psnr,psnr_variance,ssim,ssim_variance,ssim_256,ssim_256_variance,mae,mae_variance,l1,l1_variance,fid,lpips
0,v13_no_bone_w_reg_align_input_ep9_2shot,19.798187,7.200728,0.790669,0.00857,0.808178,0.004671,0.02512500062584877,0.000155999994603917,0.041411999613046646,0.00030499999411404133,12.098760329045604,0.18227559328079224
