,name,psnr,psnr_variance,ssim,ssim_variance,ssim_256,ssim_256_variance,mae,mae_variance,l1,l1_variance,fid,lpips
0,v13_no_bone_w_reg_align_input_ep7_2shot_0222,19.673744,7.321878,0.790084,0.008604,0.807712,0.004698,0.02545199915766716,0.00016900000628083944,0.04190000146627426,0.0003260000084992498,11.23620124408643,0.1826174259185791
