,name,psnr,psnr_variance,ssim,ssim_variance,ssim_256,ssim_256_variance,mae,mae_variance,l1,l1_variance,fid,lpips
0,v13_no_bone_w_reg_align_input_ep17_2shot,19.841704,7.200568,0.795016,0.008595,0.807873,0.004686,0.02493000030517578,0.00015500000154133886,0.04102800041437149,0.00030499999411404133,11.231723723387034,0.1780441403388977
