,name,psnr,psnr_variance,ssim,ssim_variance,ssim_256,ssim_256_variance,mae,mae_variance,l1,l1_variance,fid,lpips
0,v13_no_bone_w_reg_ep15_2shot,19.779023,7.587015,0.791214,0.008737,0.808719,0.004723,0.024862000718712807,0.00016900000628083944,0.04093300178647041,0.0003239999932702631,11.32213115631788,0.1823328584432602
