,name,psnr,psnr_variance,ssim,ssim_variance,ssim_256,ssim_256_variance,mae,mae_variance,l1,l1_variance,fid,lpips
0,v13_no_bone_w_reg_ep7,19.635008,7.273863,0.788177,0.0089,0.80616,0.004748,0.025582000613212585,0.00018699999782256782,0.042080000042915344,0.0003499999875202775,12.165748363657428,0.1846322864294052
