,name,psnr,psnr_variance,ssim,ssim_variance,ssim_256,ssim_256_variance,mae,mae_variance,l1,l1_variance,fid,lpips
0,v13_no_bone_w_reg_align_input_ep24_2shot_0222,19.793746,7.423056,0.79415,0.008676,0.808242,0.004777,0.024978000670671463,0.00016399999731220305,0.04106700047850609,0.0003169999981764704,10.277801078934743,0.17633113265037537
