,name,psnr,psnr_variance,ssim,ssim_variance,ssim_256,ssim_256_variance,mae,mae_variance,l1,l1_variance,fid,lpips
0,v13_no_bone_w_reg_align_input_ep11_2shot,19.75465,7.118796,0.793988,0.008576,0.80785,0.004753,0.02523599937558174,0.00016199999663513154,0.041475001722574234,0.000311999989207834,11.343887449614869,0.1801173835992813
