,name,psnr,psnr_variance,ssim,ssim_variance,ssim_256,ssim_256_variance,mae,mae_variance,l1,l1_variance,fid,lpips
0,v13_no_bone_w_reg_align_input_ep14_2shot_0222,19.802642,7.46755,0.794799,0.008684,0.808491,0.004773,0.025018999353051186,0.00016199999663513154,0.041081998497247696,0.0003150000120513141,10.721791301751495,0.17919279634952545
