,name,psnr,psnr_variance,ssim,ssim_variance,ssim_256,ssim_256_variance,mae,mae_variance,l1,l1_variance,fid,lpips
0,v13_no_bone_w_reg_align_input_ep19_2shot,19.766149,7.44908,0.792892,0.008657,0.807829,0.004787,0.025148000568151474,0.00016599999798927456,0.04145999997854233,0.0003220000071451068,10.62687452778718,0.1784212291240692
