,name,psnr,psnr_variance,ssim,ssim_variance,ssim_256,ssim_256_variance,mae,mae_variance,l1,l1_variance,fid,lpips
0,v13_no_bone_w_reg_ep10,19.679074,7.220168,0.788873,0.008767,0.806423,0.004758,0.025547999888658524,0.00017499999376013875,0.04195500165224075,0.0003279999946244061,11.839103787904293,0.18443921208381653
