,name,psnr,psnr_variance,ssim,ssim_variance,ssim_256,ssim_256_variance,mae,mae_variance,l1,l1_variance,fid,lpips
0,v13_w_bone_no_reg_ep15_2shot,19.704499,7.316788,0.791397,0.008472,0.807292,0.004719,0.02523599937558174,0.00015999999595806003,0.041471000760793686,0.00030899999546818435,11.247574632767282,0.18274623155593872
