,name,psnr,psnr_variance,ssim,ssim_variance,ssim_256,ssim_256_variance,mae,mae_variance,l1,l1_variance,fid,lpips
0,v13_no_bone_w_reg_align_input_ep19_3shot,20.047157,7.457156,0.803492,0.008571,0.812553,0.004865,0.023964999243617058,0.00016399999731220305,0.03950800001621246,0.0003110000106971711,13.388561448807138,0.16953794658184052
