,name,psnr,psnr_variance,ssim,ssim_variance,ssim_256,ssim_256_variance,mae,mae_variance,l1,l1_variance,fid,lpips
0,v13_no_bone_w_reg_ep15_3shot,20.033061,7.681637,0.800741,0.008904,0.81307,0.004864,0.02383599989116192,0.00017499999376013875,0.03922700136899948,0.0003279999946244061,14.178823788616825,0.1745506078004837
