,name,psnr,psnr_variance,ssim,ssim_variance,ssim_256,ssim_256_variance,mae,mae_variance,l1,l1_variance,fid,lpips
0,v13_no_bone_w_reg_align_input_ep7_2shot,19.700131,6.80461,0.791559,0.008616,0.807397,0.004632,0.025939999148249626,0.00016500000492669642,0.042539000511169434,0.00031400000443682075,12.308420738631071,0.18257565796375275
