,name,psnr,psnr_variance,ssim,ssim_variance,ssim_256,ssim_256_variance,mae,mae_variance,l1,l1_variance,fid,lpips
0,v13_no_bone_w_reg_align_input_ep14_2shot,19.814092,7.535221,0.794335,0.008713,0.807619,0.004869,0.025066999718546867,0.00016999999934341758,0.04111799970269203,0.00032900000223889947,10.645115661152545,0.17844544351100922
