,name,psnr,psnr_variance,ssim,ssim_variance,ssim_256,ssim_256_variance,mae,mae_variance,l1,l1_variance,fid,lpips
0,v13_no_bone_w_reg_align_input_ep25_1w_2shot_0222,19.820017,7.549269,0.794671,0.008645,0.809492,0.004749,0.024995999410748482,0.00016399999731220305,0.0410350002348423,0.00031800000579096377,10.303973536362946,0.17820371687412262
