,name,psnr,psnr_variance,ssim,ssim_variance,ssim_256,ssim_256_variance,mae,mae_variance,l1,l1_variance,fid,lpips
0,v13_no_bone_w_reg_ep10_3shot,19.919592,7.28306,0.798073,0.008837,0.810422,0.004876,0.024594999849796295,0.0001849999971454963,0.04036499932408333,0.00033599999733269215,14.77589751057576,0.17703501880168915
