,name,psnr,psnr_variance,ssim,ssim_variance,ssim_256,ssim_256_variance,mae,mae_variance,l1,l1_variance,fid,lpips
0,v13_no_bone_w_reg_align_input_ep25_2shot_0222,19.759741,7.28929,0.793889,0.008663,0.807788,0.004776,0.02518800087273121,0.00016500000492669642,0.04134399816393852,0.00031900001340545714,10.198018612126134,0.17735262215137482
