,name,psnr,psnr_variance,ssim,ssim_variance,ssim_256,ssim_256_variance,mae,mae_variance,l1,l1_variance,fid,lpips
0,v13_no_bone_w_reg_align_input_ep15_2shot,19.755951,7.155672,0.79437,0.008383,0.808327,0.004699,0.025009000673890114,0.0001539999939268455,0.041120000183582306,0.0003000000142492354,10.958882665658422,0.17933502793312073
