,name,psnr,psnr_variance,ssim,ssim_variance,ssim_256,ssim_256_variance,mae,mae_variance,l1,l1_variance,fid,lpips
0,v13_no_bone_w_reg_align_input_ep11_2shot_0222,19.85642,7.375394,0.795053,0.008655,0.809634,0.004708,0.024821000173687935,0.00016399999731220305,0.04083099961280823,0.00031900001340545714,11.628191368109242,0.1801076978445053
