,name,psnr,psnr_variance,ssim,ssim_variance,ssim_256,ssim_256_variance,mae,mae_variance,l1,l1_variance,fid,lpips
0,v13_no_bone_w_reg_ep6,19.675869,7.237827,0.788286,0.008816,0.806105,0.004679,0.025824999436736107,0.00019200000679120421,0.042353998869657516,0.0003549999964889139,12.6228043245315,0.18730147182941437
