,name,psnr,psnr_variance,ssim,ssim_variance,ssim_256,ssim_256_variance,mae,mae_variance,l1,l1_variance,fid,lpips
0,v14_w_bone_w_reg_ep7_2shot,19.543442,7.210261,0.786039,0.008831,0.80574,0.004743,0.025776999071240425,0.00019099999917671084,0.04234300181269646,0.00035600000410340726,11.651967002920031,0.18737421929836273
