,name,psnr,psnr_variance,ssim,ssim_variance,ssim_256,ssim_256_variance,mae,mae_variance,l1,l1_variance,fid,lpips
0,v14_w_bone_w_reg_ep15_2shot,19.739282,7.412224,0.789896,0.008603,0.80623,0.00476,0.02528199926018715,0.0001740000006975606,0.04154900088906288,0.00033099998836405575,11.259668572453677,0.18306183815002441
