,name,psnr,psnr_variance,ssim,ssim_variance,ssim_256,ssim_256_variance,mae,mae_variance,l1,l1_variance,fid,lpips
0,v1_gd_no_pose_ep7_2shot,19.292837,6.743433,0.77062,0.009193,0.795667,0.004805,0.027108000591397285,0.0002209999947808683,0.04453200101852417,0.00039599998854100704,12.948929376822804,0.1988215446472168
