,name,psnr,psnr_variance,ssim,ssim_variance,ssim_256,ssim_256_variance,mae,mae_variance,l1,l1_variance,fid,lpips
0,v1ep7_2shot,19.58622,6.97907,0.787687,0.008557,0.805477,0.004591,0.025662999600172043,0.00018099999579135329,0.04210500046610832,0.00033599999733269215,12.910661394895897,0.18752527236938477
