,name,psnr,psnr_variance,ssim,ssim_variance,ssim_256,ssim_256_variance,mae,mae_variance,l1,l1_variance,fid,lpips
0,v2_flow35_new_ep7_2shot,19.458288,7.167994,0.780458,0.009022,0.801158,0.004826,0.02623400092124939,0.00019200000679120421,0.04315999895334244,0.0003600000054575503,12.198962497008324,0.19000208377838135
