,name,psnr,psnr_variance,ssim,ssim_variance,ssim_256,ssim_256_variance,mae,mae_variance,l1,l1_variance,fid,lpips
0,v2_flow35_new_ep10_2shot,19.429405,7.08253,0.781611,0.008697,0.80059,0.004699,0.026399999856948853,0.00018400000408291817,0.04329200088977814,0.00034500000765547156,12.28201179908757,0.1883167028427124
