,name,psnr,psnr_variance,ssim,ssim_variance,ssim_256,ssim_256_variance,mae,mae_variance,l1,l1_variance,fid,lpips
0,v2_flow35_new_ep6_2shot,19.512769,7.036525,0.779805,0.008856,0.801962,0.004701,0.02637000009417534,0.00018600000475998968,0.04341699928045273,0.0003490000090096146,13.17803080966354,0.1914733201265335
