,name,psnr,psnr_variance,ssim,ssim_variance,ssim_256,ssim_256_variance,mae,mae_variance,l1,l1_variance,fid,lpips
0,v2_highres_align_input_no_target_encoder_ep7_2shot,19.504087,7.003613,0.780324,0.00879,0.80233,0.004637,0.026247000321745872,0.00018400000408291817,0.04312099888920784,0.0003480000013951212,12.331336331654029,0.19214598834514618
