,name,psnr,psnr_variance,ssim,ssim_variance,ssim_256,ssim_256_variance,mae,mae_variance,l1,l1_variance,fid,lpips
0,v2_highres_nonalign_input_no_target_encoder_attn_avg_ep7_2shot,19.360204,6.791238,0.774624,0.009065,0.798145,0.004646,0.027406999841332436,0.00022600000374950469,0.04481299966573715,0.0004020000051241368,13.80134075032663,0.20006568729877472
