,name,psnr,psnr_variance,ssim,ssim_variance,ssim_256,ssim_256_variance,mae,mae_variance,l1,l1_variance,fid,lpips
0,v2_highres_nonalign_input_ep27_2shot,19.693389,7.397783,0.78992,0.0087,0.806464,0.004782,0.025495000183582306,0.00017899999511428177,0.041836999356746674,0.0003380000125616789,10.501618818540805,0.1813206672668457
