,name,psnr,psnr_variance,ssim,ssim_variance,ssim_256,ssim_256_variance,mae,mae_variance,l1,l1_variance,fid,lpips
0,v2_highres_nonalign_input_no_target_encoder_ep7_2shot,19.399872,6.96677,0.775639,0.009071,0.798735,0.004757,0.026489999145269394,0.00020799999765586108,0.043581001460552216,0.0003800000122282654,12.30377349708698,0.19466115534305573
