,name,psnr,psnr_variance,ssim,ssim_variance,ssim_256,ssim_256_variance,mae,mae_variance,l1,l1_variance,fid,lpips
0,v2_highres_nonalign_input_ep25_1w_2shot,19.7265,7.431097,0.789838,0.008718,0.806766,0.00479,0.025164000689983368,0.00017800000205170363,0.041402000933885574,0.0003380000125616789,10.561144209278979,0.18164177238941193
