,name,psnr,psnr_variance,ssim,ssim_variance,ssim_256,ssim_256_variance,mae,mae_variance,l1,l1_variance,fid,lpips
0,v2_highres_align_input_attn_avg_ep25_1w5_2shot,19.813776,7.483175,0.793897,0.008725,0.808016,0.004736,0.025012999773025513,0.00016399999731220305,0.041140999644994736,0.00031800000579096377,10.683855180684475,0.176955908536911
