,name,psnr,psnr_variance,ssim,ssim_variance,ssim_256,ssim_256_variance,mae,mae_variance,l1,l1_variance,fid,lpips
0,v2_highres_align_input_attn_avg_ep25_1w_2shot,19.870083,7.397462,0.795237,0.008721,0.807873,0.004781,0.025053000077605247,0.00016500000492669642,0.04113699868321419,0.00031900001340545714,10.767687505545666,0.17695556581020355
