,name,psnr,psnr_variance,ssim,ssim_variance,ssim_256,ssim_256_variance,mae,mae_variance,l1,l1_variance,fid,lpips
0,v2_highres_ep9,19.55581,7.375568,0.785131,0.008697,0.80462,0.004751,0.025777999311685562,0.00016900000628083944,0.04243500158190727,0.00032500000088475645,11.332138598017565,0.18684041500091553
