,name,psnr,psnr_variance,ssim,ssim_variance,ssim_256,ssim_256_variance,mae,mae_variance,l1,l1_variance,fid,lpips
0,v2_highres_nonalign_input_no_target_encoder_ep25_1w5_2shot,19.547393,7.146467,0.784522,0.008881,0.80293,0.004743,0.025846000760793686,0.00017100000695791095,0.042440999299287796,0.0003229999856557697,10.922141122785945,0.18779584765434265
