,name,psnr,psnr_variance,ssim,ssim_variance,ssim_256,ssim_256_variance,mae,mae_variance,l1,l1_variance,fid,lpips
0,v2_highres_align_input_ep25_1w5_1shot,19.53171,7.895609,0.784917,0.009695,0.805437,0.004912,0.026228999719023705,0.0002209999947808683,0.043097998946905136,0.00042799999937415123,10.249361830015545,0.186427503824234
