,name,psnr,psnr_variance,ssim,ssim_variance,ssim_256,ssim_256_variance,mae,mae_variance,l1,l1_variance,fid,lpips
0,v2_highres_align_input_attnavg_no_target_encoder_ep24_2shot,19.584387,6.936587,0.785349,0.008708,0.802374,0.004683,0.025707999244332314,0.0001610000035725534,0.04226800054311752,0.0003129999968223274,11.124511447964778,0.18558669090270996
