,name,psnr,psnr_variance,ssim,ssim_variance,ssim_256,ssim_256_variance,mae,mae_variance,l1,l1_variance,fid,lpips
0,v2_highres_align_input_attnavg_no_target_encoder_ep7_2shot,19.439277,6.855211,0.774328,0.009036,0.800285,0.00466,0.026513999328017235,0.00019200000679120421,0.043754998594522476,0.00036299999919719994,13.21147012139528,0.19678036868572235
