,name,psnr,psnr_variance,ssim,ssim_variance,ssim_256,ssim_256_variance,mae,mae_variance,l1,l1_variance,fid,lpips
0,v2_highres_align_input_attn_avg_ep27_1w_2shot,19.780283,7.429403,0.79311,0.008726,0.807097,0.004775,0.025266999378800392,0.0001630000042496249,0.041485000401735306,0.00031800000579096377,10.835396924579896,0.17742013931274414
