,name,psnr,psnr_variance,ssim,ssim_variance,ssim_256,ssim_256_variance,mae,mae_variance,l1,l1_variance,fid,lpips
0,v2_highres_align_input_ep5_2shot,19.729601,7.145916,0.788196,0.0089,0.806324,0.004781,0.025810999795794487,0.00018899999849963933,0.04245299845933914,0.00036100001307204366,12.205527040022332,0.18461911380290985
