,name,psnr,psnr_variance,ssim,ssim_variance,ssim_256,ssim_256_variance,mae,mae_variance,l1,l1_variance,fid,lpips
0,v2_highres_align_input_ep25_1w_2shot,19.847934,7.658167,0.793608,0.008711,0.809059,0.004775,0.024782000109553337,0.0001630000042496249,0.0408330000936985,0.0003220000071451068,10.336211812338718,0.1780230700969696
