,name,psnr,psnr_variance,ssim,ssim_variance,ssim_256,ssim_256_variance,mae,mae_variance,l1,l1_variance,fid,lpips
0,v2_highres_align_input_ep29_1w5_1shot,19.568192,7.903488,0.786032,0.009721,0.806565,0.004944,0.026100000366568565,0.0002229999954579398,0.04288699850440025,0.0004299999854993075,9.770112650990512,0.18653330206871033
