,name,psnr,psnr_variance,ssim,ssim_variance,ssim_256,ssim_256_variance,mae,mae_variance,l1,l1_variance,fid,lpips
0,v2_highres_align_input_ep12_2shot,19.718791,7.240246,0.793195,0.008676,0.806928,0.004759,0.025450000539422035,0.00016999999934341758,0.04173799976706505,0.0003260000084992498,11.011384826220592,0.17874380946159363
