,name,psnr,psnr_variance,ssim,ssim_variance,ssim_256,ssim_256_variance,mae,mae_variance,l1,l1_variance,fid,lpips
0,v2_highres_nonalign_input_no_target_encoder_ep24_2shot,19.565393,7.126589,0.785164,0.0087,0.802574,0.004726,0.02557400055229664,0.00016999999934341758,0.04200800135731697,0.00032500000088475645,10.813358998869631,0.18514390289783478
