,name,psnr,psnr_variance,ssim,ssim_variance,ssim_256,ssim_256_variance,mae,mae_variance,l1,l1_variance,fid,lpips
0,v2_highres_align_input_attnavg_no_target_encoder_ep15_2shot,19.537256,6.924125,0.783323,0.008765,0.802629,0.004698,0.025973999872803688,0.00016799999866634607,0.04266799986362457,0.0003209999995306134,11.511549568381156,0.18881887197494507
