,name,psnr,psnr_variance,ssim,ssim_variance,ssim_256,ssim_256_variance,mae,mae_variance,l1,l1_variance,fid,lpips
0,v2_highres_ep15_3shot,19.955947,7.472664,0.798759,0.008663,0.810018,0.004891,0.024149000644683838,0.00016799999866634607,0.03969600051641464,0.00031400000443682075,13.954148573776536,0.17530696094036102
