,name,psnr,psnr_variance,ssim,ssim_variance,ssim_256,ssim_256_variance,mae,mae_variance,l1,l1_variance,fid,lpips
0,v2_highres_ep7,19.48302,7.182106,0.78294,0.008775,0.804062,0.004725,0.02602200023829937,0.00017499999376013875,0.04291300103068352,0.00033599999733269215,12.031021277601752,0.1881374716758728
