,name,psnr,psnr_variance,ssim,ssim_variance,ssim_256,ssim_256_variance,mae,mae_variance,l1,l1_variance,fid,lpips
0,v2_highres_align_input_no_target_encoder_ep24_2shot,19.67254,7.311337,0.788254,0.008815,0.804452,0.004804,0.025294000282883644,0.0001630000042496249,0.04162200167775154,0.0003169999981764704,10.88420217420699,0.1829146444797516
