,name,psnr,psnr_variance,ssim,ssim_variance,ssim_256,ssim_256_variance,mae,mae_variance,l1,l1_variance,fid,lpips
0,v2_highres_align_input_no_target_encoder_ep25_1w_2shot,19.606263,7.09337,0.784875,0.008761,0.802997,0.004717,0.025805000215768814,0.00016799999866634607,0.04244399815797806,0.0003229999856557697,10.784136187348793,0.18358659744262695
