,name,psnr,psnr_variance,ssim,ssim_variance,ssim_256,ssim_256_variance,mae,mae_variance,l1,l1_variance,fid,lpips
0,v2_highres_align_input_ep17_2shot,19.832898,7.481483,0.793187,0.008621,0.80814,0.004767,0.02501400001347065,0.0001630000042496249,0.041120998561382294,0.0003150000120513141,10.531560152631073,0.17744021117687225
