,name,psnr,psnr_variance,ssim,ssim_variance,ssim_256,ssim_256_variance,mae,mae_variance,l1,l1_variance,fid,lpips
0,v2_highres_align_input_no_target_encoder_ep15_2shot,19.571617,6.958263,0.784025,0.008777,0.802732,0.004685,0.025666000321507454,0.00016599999798927456,0.042295001447200775,0.0003220000071451068,11.020044333112537,0.1856243908405304
