,name,psnr,psnr_variance,ssim,ssim_variance,ssim_256,ssim_256_variance,mae,mae_variance,l1,l1_variance,fid,lpips
0,v2_highres_align_input_ep39_1w_3shot,20.211603,7.80956,0.806648,0.008723,0.814171,0.004962,0.023638999089598656,0.0001740000006975606,0.03882500156760216,0.00032900000223889947,13.305681952155282,0.16700764000415802
