,name,psnr,psnr_variance,ssim,ssim_variance,ssim_256,ssim_256_variance,mae,mae_variance,l1,l1_variance,fid,lpips
0,v2_highres_align_input_ep25_2shot,19.788292,7.568198,0.793894,0.008696,0.807971,0.00478,0.02493399940431118,0.00016399999731220305,0.041071001440286636,0.0003209999995306134,10.506539933932203,0.17694030702114105
