,name,psnr,psnr_variance,ssim,ssim_variance,ssim_256,ssim_256_variance,mae,mae_variance,l1,l1_variance,fid,lpips
0,v2_highres_nonalign_input_no_target_encoder_ep27_2shot,19.654802,7.287438,0.786193,0.008681,0.802658,0.004755,0.02540300041437149,0.00016700000560376793,0.04172400012612343,0.0003209999995306134,10.65960810445074,0.18495412170886993
