,name,psnr,psnr_variance,ssim,ssim_variance,ssim_256,ssim_256_variance,mae,mae_variance,l1,l1_variance,fid,lpips
0,v2_highres_align_input_attn_avg_ep14_2shot,19.804053,7.336554,0.792553,0.008679,0.807651,0.004772,0.02517000027000904,0.00016399999731220305,0.041377998888492584,0.0003169999981764704,10.76593792008697,0.17861543595790863
