,name,psnr,psnr_variance,ssim,ssim_variance,ssim_256,ssim_256_variance,mae,mae_variance,l1,l1_variance,fid,lpips
0,v2_highres_align_input_attnavg_no_target_encoder_ep25_1w_2shot,19.527232,6.924649,0.784873,0.00882,0.803021,0.004738,0.025713000446558,0.00016700000560376793,0.04232700169086456,0.0003220000071451068,11.142566007144126,0.1852203756570816
