,name,psnr,psnr_variance,ssim,ssim_variance,ssim_256,ssim_256_variance,mae,mae_variance,l1,l1_variance,fid,lpips
0,v2_highres_nonalign_input_no_target_encoder_attn_avg_ep25_1w5_2shot,19.503086,6.941497,0.781239,0.008918,0.802367,0.004657,0.025992000475525856,0.00017899999511428177,0.04267299920320511,0.0003380000125616789,11.410769436751679,0.18943427503108978
