,name,psnr,psnr_variance,ssim,ssim_variance,ssim_256,ssim_256_variance,mae,mae_variance,l1,l1_variance,fid,lpips
0,v2_highres_align_input_ep14_2shot,19.812415,7.499808,0.794305,0.008745,0.808973,0.004765,0.02492300048470497,0.00017499999376013875,0.041016001254320145,0.0003370000049471855,11.207666037255024,0.17866948246955872
