,name,psnr,psnr_variance,ssim,ssim_variance,ssim_256,ssim_256_variance,mae,mae_variance,l1,l1_variance,fid,lpips
0,v2_highres_nonalign_input_no_target_encoder_ep25_1w_2shot,19.567026,7.344318,0.784751,0.008863,0.803104,0.004753,0.025554999709129333,0.00017299999308306724,0.04202299937605858,0.0003279999946244061,10.828869597928815,0.18541601300239563
