,name,psnr,psnr_variance,ssim,ssim_variance,ssim_256,ssim_256_variance,mae,mae_variance,l1,l1_variance,fid,lpips
0,v2_highres_nonalign_input_no_target_encoder_attn_avg_ep25_1w_2shot,19.488428,7.182893,0.781967,0.00901,0.801583,0.004764,0.02590700052678585,0.00018600000475998968,0.04255300015211105,0.0003490000090096146,11.164561908661511,0.18853327631950378
