,name,psnr,psnr_variance,ssim,ssim_variance,ssim_256,ssim_256_variance,mae,mae_variance,l1,l1_variance,fid,lpips
0,v2_highres_nonalign_input_ep7_2shot,19.584389,7.136743,0.786217,0.009014,0.803891,0.004794,0.025968000292778015,0.00019700000120792538,0.04265899956226349,0.0003650000144261867,11.79447144754181,0.1862880289554596
