,name,psnr,psnr_variance,ssim,ssim_variance,ssim_256,ssim_256_variance,mae,mae_variance,l1,l1_variance,fid,lpips
0,v2_highres_align_input_ep7_2shot,19.832007,7.311126,0.792408,0.008675,0.80731,0.004721,0.025252999737858772,0.0001720000000204891,0.04158399999141693,0.0003279999946244061,12.183384686122878,0.18206961452960968
