,name,psnr,psnr_variance,ssim,ssim_variance,ssim_256,ssim_256_variance,mae,mae_variance,l1,l1_variance,fid,lpips
0,v2_highres_align_input_ep24_2shot,19.77771,7.599505,0.792498,0.008832,0.808068,0.00485,0.025102000683546066,0.00016599999798927456,0.04123400151729584,0.0003239999932702631,10.216467292530353,0.1766611635684967
