,name,psnr,psnr_variance,ssim,ssim_variance,ssim_256,ssim_256_variance,mae,mae_variance,l1,l1_variance,fid,lpips
0,v2_highres_align_input_ep11_2shot,19.860014,7.505497,0.794001,0.008607,0.808791,0.004707,0.024942999705672264,0.0001610000035725534,0.04099399968981743,0.0003129999968223274,11.651534778628417,0.18042005598545074
