,name,psnr,psnr_variance,ssim,ssim_variance,ssim_256,ssim_256_variance,mae,mae_variance,l1,l1_variance,fid,lpips
0,v2_highres_align_input_attn_avg_ep24_2shot,19.821117,7.410394,0.794848,0.008628,0.808153,0.00471,0.024898000061511993,0.00015700000221841037,0.04094000160694122,0.000307999987853691,10.629735848626694,0.17684541642665863
