,name,psnr,psnr_variance,ssim,ssim_variance,ssim_256,ssim_256_variance,mae,mae_variance,l1,l1_variance,fid,lpips
0,v2_highres_align_input_ep36_1w_3shot,20.164191,7.804324,0.805969,0.008632,0.813925,0.004926,0.02363399975001812,0.00017299999308306724,0.038881998509168625,0.0003279999946244061,12.993360021082168,0.16714760661125183
