,name,psnr,psnr_variance,ssim,ssim_variance,ssim_256,ssim_256_variance,mae,mae_variance,l1,l1_variance,fid,lpips
0,v2_highres_nonalign_input_ep15_2shot,19.65863,7.267947,0.789448,0.008635,0.807194,0.004763,0.025774000212550163,0.00017899999511428177,0.0422540009021759,0.0003349999897181988,11.197821644587663,0.18326076865196228
