,name,psnr,psnr_variance,ssim,ssim_variance,ssim_256,ssim_256_variance,mae,mae_variance,l1,l1_variance,fid,lpips
0,v2_highres_align_input_no_target_encoder_ep27_2shot,19.636713,7.141442,0.78812,0.008497,0.804434,0.00467,0.02535500004887581,0.00015300000086426735,0.041724998503923416,0.000299000006634742,10.421415690920526,0.18302196264266968
