,name,psnr,psnr_variance,ssim,ssim_variance,ssim_256,ssim_256_variance,mae,mae_variance,l1,l1_variance,fid,lpips
0,v2_highres_ep15,19.689446,7.404784,0.788786,0.00862,0.805715,0.00475,0.025248000398278236,0.00016500000492669642,0.04151599854230881,0.00031800000579096377,10.905393238338206,0.18339896202087402
