,name,psnr,psnr_variance,ssim,ssim_variance,ssim_256,ssim_256_variance,mae,mae_variance,l1,l1_variance,fid,lpips
0,v2_highres_ep10,19.624164,7.006554,0.78816,0.008531,0.80585,0.004694,0.025575000792741776,0.00016399999731220305,0.04201100021600723,0.0003129999968223274,11.889171139570124,0.18642190098762512
