,name,psnr,psnr_variance,ssim,ssim_variance,ssim_256,ssim_256_variance,mae,mae_variance,l1,l1_variance,fid,lpips
0,v2_highres_nonalign_input_no_target_encoder_attn_avg_ep15_2shot,19.491971,7.183832,0.780182,0.00921,0.800457,0.004777,0.02626200020313263,0.00020500000391621143,0.043097998946905136,0.00037799999699927866,11.816192107235679,0.19152776896953583
