,name,psnr,psnr_variance,ssim,ssim_variance,ssim_256,ssim_256_variance,mae,mae_variance,l1,l1_variance,fid,lpips
0,v2_highres_align_input_ep25_1w_1shot,19.580042,7.692464,0.786509,0.009452,0.806194,0.004844,0.026252999901771545,0.00021100000594742596,0.04307100176811218,0.00040600000647827983,10.194765610045181,0.18719856441020966
