,name,psnr,psnr_variance,ssim,ssim_variance,ssim_256,ssim_256_variance,mae,mae_variance,l1,l1_variance,fid,lpips
0,v2_highres_nonalign_input_ep25_1w5_2shot,19.65976,7.320773,0.789449,0.008817,0.804833,0.004811,0.0255110003054142,0.00018400000408291817,0.04188299924135208,0.0003459999861661345,10.479921884662957,0.18142668902873993
