,name,psnr,psnr_variance,ssim,ssim_variance,ssim_256,ssim_256_variance,mae,mae_variance,l1,l1_variance,fid,lpips
0,v2_highres_nonalign_input_no_target_encoder_ep15_2shot,19.576661,7.205882,0.782017,0.008886,0.80176,0.004728,0.025849999859929085,0.0001829999964684248,0.04247500002384186,0.0003440000000409782,12.218755097483182,0.18976961076259613
