,name,psnr,psnr_variance,ssim,ssim_variance,ssim_256,ssim_256_variance,mae,mae_variance,l1,l1_variance,fid,lpips
0,v2_highres_align_input_attnavg_no_target_encoder_ep27_2shot,19.633478,7.12042,0.785953,0.008681,0.80371,0.004708,0.025438999757170677,0.00015999999595806003,0.04189600050449371,0.00031400000443682075,11.077969645679445,0.1856825202703476
