,name,psnr,psnr_variance,ssim,ssim_variance,ssim_256,ssim_256_variance,mae,mae_variance,l1,l1_variance,fid,lpips
0,v2_highres_nonalign_input_no_target_encoder_attn_avg_ep27_2shot,19.548369,6.952288,0.77981,0.008787,0.801936,0.004724,0.026812000200152397,0.00017499999376013875,0.04409400001168251,0.0003279999946244061,11.249994703991632,0.19346767663955688
