,name,psnr,psnr_variance,ssim,ssim_variance,ssim_256,ssim_256_variance,mae,mae_variance,l1,l1_variance,fid,lpips
0,v2_highres_align_input_no_target_encoder_ep25_1w5_2shot,19.628743,7.128856,0.787175,0.008848,0.803855,0.004721,0.025568999350070953,0.00016599999798927456,0.04199500009417534,0.00031999999191612005,10.50626848700989,0.1827635020017624
