,name,psnr,psnr_variance,ssim,ssim_variance,ssim_256,ssim_256_variance,mae,mae_variance,l1,l1_variance,fid,lpips
0,v2_highres_align_input_attn_avg_ep11_2shot,19.824007,7.42111,0.792484,0.008535,0.808256,0.004665,0.02511800080537796,0.0001630000042496249,0.04132400080561638,0.0003169999981764704,11.706809828400566,0.18042302131652832
