,name,psnr,psnr_variance,ssim,ssim_variance,ssim_256,ssim_256_variance,mae,mae_variance,l1,l1_variance,fid,lpips
0,v2_highres_ep12,19.645746,7.210259,0.787548,0.008723,0.806582,0.004688,0.025439999997615814,0.00016799999866634607,0.041836999356746674,0.0003239999932702631,11.819789497756034,0.18523870408535004
