,name,psnr,psnr_variance,ssim,ssim_variance,ssim_256,ssim_256_variance,mae,mae_variance,l1,l1_variance,fid,lpips
0,v2_highres_nonalign_input_no_target_encoder_attn_avg_ep24_2shot,19.495544,6.971909,0.782805,0.008786,0.801015,0.004694,0.026252999901771545,0.0001829999964684248,0.043049998581409454,0.00034100000630132854,11.342563316529237,0.19015294313430786
