,name,psnr,psnr_variance,ssim,ssim_variance,ssim_256,ssim_256_variance,mae,mae_variance,l1,l1_variance,fid,lpips
0,v2_highres_align_input_ep27_1w_1shot,19.542178,7.854181,0.785971,0.009685,0.805037,0.004975,0.026193000376224518,0.00022699999681208283,0.043007999658584595,0.0004360000020824373,10.19772165569293,0.18560826778411865
