,name,psnr,psnr_variance,ssim,ssim_variance,ssim_256,ssim_256_variance,mae,mae_variance,l1,l1_variance,fid,lpips
0,v2_highres_align_input_attnavg_no_target_encoder_ep25_1w5_2shot,19.683567,7.09339,0.785383,0.008737,0.803434,0.004724,0.025916999205946922,0.00016700000560376793,0.04254499822854996,0.00031900001340545714,11.485470592900384,0.18838775157928467
