,name,psnr,psnr_variance,ssim,ssim_variance,ssim_256,ssim_256_variance,mae,mae_variance,l1,l1_variance,fid,lpips
0,v2_highres_align_input_ep27_1w_2shot,19.715161,7.389636,0.794345,0.008677,0.808149,0.00477,0.0251460000872612,0.00016500000492669642,0.04132299870252609,0.0003209999995306134,10.29187659554134,0.17769896984100342
