,name,psnr,psnr_variance,ssim,ssim_variance,ssim_256,ssim_256_variance,mae,mae_variance,l1,l1_variance,fid,lpips
0,v2_highres_nonalign_input_ep24_2shot,19.696339,7.472744,0.788989,0.008811,0.805982,0.004878,0.025428999215364456,0.00018099999579135329,0.04172400012612343,0.0003440000000409782,10.615138138705163,0.18102027475833893
