,name,psnr,psnr_variance,ssim,ssim_variance,ssim_256,ssim_256_variance,mae,mae_variance,l1,l1_variance,fid,lpips
0,v2_highres_align_input_attn_avg_ep7_2shot,19.615808,7.180164,0.789756,0.008615,0.80597,0.004691,0.0259770005941391,0.00017299999308306724,0.042642999440431595,0.00032900000223889947,11.626942713200435,0.18257758021354675
