,name,psnr,psnr_variance,ssim,ssim_variance,ssim_256,ssim_256_variance,mae,mae_variance,l1,l1_variance,fid,lpips
0,v2ep15_3shot,19.997159,7.405459,0.79896,0.008671,0.810096,0.004913,0.024228999391198158,0.00018200000340584666,0.03989800065755844,0.0003349999897181988,13.868512871173806,0.17518284916877747
