,name,psnr,psnr_variance,ssim,ssim_variance,ssim_256,ssim_256_variance,mae,mae_variance,l1,l1_variance,fid,lpips
0,v2ep15_1shot,19.162964,7.889572,0.768571,0.010639,0.7985,0.005079,0.02786099910736084,0.00028300000121816993,0.04583200067281723,0.0005409999866969883,9.924932907899915,0.20042744278907776
