,name,psnr,psnr_variance,ssim,ssim_variance,ssim_256,ssim_256_variance,mae,mae_variance,l1,l1_variance,fid,lpips
0,v2ep15_2shot,19.733909,7.368695,0.789666,0.008573,0.805976,0.004776,0.025263000279664993,0.00016999999934341758,0.04161699861288071,0.00032500000088475645,11.29000546315666,0.18261845409870148
