,name,psnr,psnr_variance,ssim,ssim_variance,ssim_256,ssim_256_variance,mae,mae_variance,l1,l1_variance,fid,lpips
0,v2ep7_18000_2shot,19.580708,7.02382,0.783999,0.008706,0.805105,0.004718,0.026203999295830727,0.0001849999971454963,0.04303300008177757,0.0003420000139158219,12.027131228758549,0.18873393535614014
