,name,psnr,psnr_variance,ssim,ssim_variance,ssim_256,ssim_256_variance,mae,mae_variance,l1,l1_variance,fid,lpips
0,v2ep16_2shot,19.650864,7.354038,0.787693,0.008735,0.804,0.004869,0.025583000853657722,0.00017600000137463212,0.04203300178050995,0.00033400001120753586,10.99395253154728,0.18192371726036072
