,name,psnr,psnr_variance,ssim,ssim_variance,ssim_256,ssim_256_variance,mae,mae_variance,l1,l1_variance,fid,lpips
0,v2ep7_2shot_new,19.639162,7.178237,0.78688,0.008658,0.805346,0.00474,0.025604000315070152,0.00017899999511428177,0.042107000946998596,0.0003330000035930425,12.207613903872385,0.1866481900215149
