,name,psnr,psnr_variance,ssim,ssim_variance,ssim_256,ssim_256_variance,mae,mae_variance,l1,l1_variance,fid,lpips
0,v2ep5_2shot,19.433024,7.184298,0.77917,0.00887,0.802223,0.004764,0.026426000520586967,0.000195999993593432,0.04352499917149544,0.0003650000144261867,17.180114488598548,0.1911841779947281
