,name,psnr,psnr_variance,ssim,ssim_variance,ssim_256,ssim_256_variance,mae,mae_variance,l1,l1_variance,fid,lpips
0,v2ep7_2shot,19.659612,7.187693,0.787182,0.008647,0.805561,0.004741,0.02554599940776825,0.00017899999511428177,0.04201300069689751,0.0003330000035930425,16.703928417713257,0.1866481900215149
