,name,psnr,psnr_variance,ssim,ssim_variance,ssim_256,ssim_256_variance,mae,mae_variance,l1,l1_variance,fid,lpips
0,v3_highres_align_input_res_flow_single_corr_ep25_1w_2shot,19.822251,7.529848,0.793098,0.00864,0.808578,0.004772,0.024824999272823334,0.00015199999324977398,0.04088800027966499,0.00030399998649954796,10.316548781734923,0.17664028704166412
