,name,psnr,psnr_variance,ssim,ssim_variance,ssim_256,ssim_256_variance,mae,mae_variance,l1,l1_variance,fid,lpips
0,v3_highres_align_input_res_flow_single_corr_ep30_1w_1_shot,19.5255,7.846058,0.78384,0.009883,0.804574,0.005018,0.026270000264048576,0.00022600000374950469,0.04320700094103813,0.00043700000969693065,9.750216147991608,0.18666546046733856
