,name,psnr,psnr_variance,ssim,ssim_variance,ssim_256,ssim_256_variance,mae,mae_variance,l1,l1_variance,fid,lpips
0,v3_highres_align_input_res_flow_single_corr_with_fuse_loss_ep23_0_2shot,19.782921,7.55252,0.792502,0.008605,0.808351,0.004763,0.025025000795722008,0.00016199999663513154,0.04116100072860718,0.00031599999056197703,10.750587079897912,0.17946523427963257
