,name,psnr,psnr_variance,ssim,ssim_variance,ssim_256,ssim_256_variance,mae,mae_variance,l1,l1_variance,fid,lpips
0,v3_highres_align_input_res_flow_double_corr_ep7_2shot,19.603745,7.149932,0.790478,0.008717,0.806395,0.004756,0.025829000398516655,0.00017600000137463212,0.04236900061368942,0.0003319999959785491,11.458940592811075,0.182032510638237
