,name,psnr,psnr_variance,ssim,ssim_variance,ssim_256,ssim_256_variance,mae,mae_variance,l1,l1_variance,fid,lpips
0,v3_highres_align_input_res_flow_single_corr_with_fuse_loss_ep19_2shot,19.772752,7.633956,0.792316,0.008695,0.808442,0.004813,0.025019999593496323,0.00015900000289548188,0.041196998208761215,0.0003150000120513141,10.818764860301798,0.17977160215377808
