,name,psnr,psnr_variance,ssim,ssim_variance,ssim_256,ssim_256_variance,mae,mae_variance,l1,l1_variance,fid,lpips
0,v3_highres_align_input_res_flow_single_corr_ep25_1w5_2shot,19.891713,7.489371,0.795438,0.008616,0.808991,0.004754,0.02470099925994873,0.0001539999939268455,0.0406700000166893,0.00030399998649954796,10.268002386865163,0.17626038193702698
