,name,psnr,psnr_variance,ssim,ssim_variance,ssim_256,ssim_256_variance,mae,mae_variance,l1,l1_variance,fid,lpips
0,v3_highres_align_input_res_flow_single_corr_ep15_2shot,19.839341,7.461369,0.79155,0.008697,0.808277,0.004764,0.02517000027000904,0.00017600000137463212,0.04136599972844124,0.00033400001120753586,11.462559531855504,0.18150588870048523
