,name,psnr,psnr_variance,ssim,ssim_variance,ssim_256,ssim_256_variance,mae,mae_variance,l1,l1_variance,fid,lpips
0,v3_highres_align_input_res_flow_single_corr_with_fuse_loss_ep31_15k_2shot,19.735118,7.512054,0.791965,0.008767,0.807987,0.004789,0.025162000209093094,0.00016500000492669642,0.04135899990797043,0.0003239999932702631,10.342690785850834,0.17846393585205078
