,name,psnr,psnr_variance,ssim,ssim_variance,ssim_256,ssim_256_variance,mae,mae_variance,l1,l1_variance,fid,lpips
0,v3_highres_non_align_input_res_flow_double_corr_ep15_2shot,19.783694,7.404384,0.789649,0.008853,0.806718,0.004779,0.0253749992698431,0.00017600000137463212,0.04165700078010559,0.00033400001120753586,11.422493499014735,0.18183539807796478
