,name,psnr,psnr_variance,ssim,ssim_variance,ssim_256,ssim_256_variance,mae,mae_variance,l1,l1_variance,fid,lpips
0,v3_highres_align_input_res_flow_single_corr_ep29_5k_3shot,20.120233,7.653329,0.805027,0.008533,0.813738,0.004783,0.02375200018286705,0.00015300000086426735,0.03906400129199028,0.00029399999766610563,13.373156398285062,0.16874000430107117
