,name,psnr,psnr_variance,ssim,ssim_variance,ssim_256,ssim_256_variance,mae,mae_variance,l1,l1_variance,fid,lpips
0,v3_highres_align_input_res_flow_single_corr_ep33_2shot,19.816656,7.570373,0.793434,0.008665,0.807649,0.004817,0.02496900036931038,0.000155999994603917,0.041060999035835266,0.000307999987853691,10.567233196559982,0.17657947540283203
