,name,psnr,psnr_variance,ssim,ssim_variance,ssim_256,ssim_256_variance,mae,mae_variance,l1,l1_variance,fid,lpips
0,v3_highres_align_input_res_flow_double_corr_ep25_1w_2shot,19.844947,7.641721,0.793835,0.008767,0.808425,0.004836,0.024877000600099564,0.0001720000000204891,0.04090600088238716,0.0003319999959785491,10.507488693662197,0.17694096267223358
