,name,psnr,psnr_variance,ssim,ssim_variance,ssim_256,ssim_256_variance,mae,mae_variance,l1,l1_variance,fid,lpips
0,v3_highres_align_input_res_flow_double_corr_ep27_2shot,19.744822,7.458654,0.793793,0.008713,0.807474,0.004804,0.02536199986934662,0.00016999999934341758,0.04155699908733368,0.0003229999856557697,10.37144365447216,0.17698557674884796
