,name,psnr,psnr_variance,ssim,ssim_variance,ssim_256,ssim_256_variance,mae,mae_variance,l1,l1_variance,fid,lpips
0,v3_highres_align_input_res_flow_single_corr_ep27_1w_1_shot,19.518417,7.784343,0.783836,0.00967,0.805922,0.004895,0.02625199966132641,0.00021899999410379678,0.043216001242399216,0.00042699999175965786,10.420946338229271,0.18729811906814575
