,name,psnr,psnr_variance,ssim,ssim_variance,ssim_256,ssim_256_variance,mae,mae_variance,l1,l1_variance,fid,lpips
0,v3_highres_non_align_input_res_flow_single_corr_ep29_2shot,19.73953,7.420813,0.79116,0.008752,0.806687,0.004799,0.025198999792337418,0.00016999999934341758,0.041370000690221786,0.0003239999932702631,10.551802835447148,0.179004967212677
