,name,psnr,psnr_variance,ssim,ssim_variance,ssim_256,ssim_256_variance,mae,mae_variance,l1,l1_variance,fid,lpips
0,v3_highres_align_input_res_flow_single_corr_ep27_2shot,19.70455,7.373509,0.79249,0.008662,0.806064,0.004829,0.025371000170707703,0.00015500000154133886,0.04165099933743477,0.00030399998649954796,10.134636000684793,0.1765512377023697
