,name,psnr,psnr_variance,ssim,ssim_variance,ssim_256,ssim_256_variance,mae,mae_variance,l1,l1_variance,fid,lpips
0,v3_highres_align_input_res_flow_single_corr_ep29_1w5_1_shot,19.536549,7.794921,0.785304,0.009557,0.80654,0.00488,0.026159999892115593,0.00021899999410379678,0.04313100129365921,0.0004250000056345016,10.41354140179962,0.18588986992835999
