,name,psnr,psnr_variance,ssim,ssim_variance,ssim_256,ssim_256_variance,mae,mae_variance,l1,l1_variance,fid,lpips
0,v3_highres_non_align_input_res_flow_double_corr_ep25_1w5_2shot,19.744203,7.645237,0.791456,0.008849,0.808055,0.004762,0.02501799911260605,0.00017499999376013875,0.041179999709129333,0.00033599999733269215,10.331894992381251,0.18096549808979034
