,name,psnr,psnr_variance,ssim,ssim_variance,ssim_256,ssim_256_variance,mae,mae_variance,l1,l1_variance,fid,lpips
0,v3_highres_align_input_res_flow_single_corr_ep26_1w5_2shot,19.880249,7.532115,0.794451,0.008659,0.80857,0.004776,0.0249170009046793,0.0001500000071246177,0.04098200052976608,0.00029799999902024865,10.422952801355478,0.17555077373981476
