,name,psnr,psnr_variance,ssim,ssim_variance,ssim_256,ssim_256_variance,mae,mae_variance,l1,l1_variance,fid,lpips
0,v3_highres_non_align_input_res_flow_double_corr_ep25_1w_2shot,19.743465,7.559317,0.790272,0.008685,0.807576,0.004799,0.02507299929857254,0.00016199999663513154,0.04129200056195259,0.0003169999981764704,10.63456998549438,0.180276557803154
