,name,psnr,psnr_variance,ssim,ssim_variance,ssim_256,ssim_256_variance,mae,mae_variance,l1,l1_variance,fid,lpips
0,v3_highres_align_input_res_flow_single_corr_ep25_1w_1_shot,19.575087,7.862776,0.783226,0.009777,0.804705,0.00498,0.026345999911427498,0.0002209999947808683,0.04332999885082245,0.00042600001324899495,10.04461897244758,0.1860971450805664
