,name,psnr,psnr_variance,ssim,ssim_variance,ssim_256,ssim_256_variance,mae,mae_variance,l1,l1_variance,fid,lpips
0,v3_highres_non_align_input_res_flow_double_corr_ep7_2shot,19.525553,7.003014,0.786713,0.008809,0.804096,0.004792,0.026155000552535057,0.00018600000475998968,0.042837999761104584,0.0003459999861661345,11.8717407694418,0.18499648571014404
