,name,psnr,psnr_variance,ssim,ssim_variance,ssim_256,ssim_256_variance,mae,mae_variance,l1,l1_variance,fid,lpips
0,v3_highres_align_input_res_flow_double_corr_ep15_2shot,19.84159,7.401038,0.794882,0.008715,0.809302,0.004726,0.024860000237822533,0.00015900000289548188,0.04089299961924553,0.000307999987853691,10.882873505638912,0.1782870888710022
