,name,psnr,psnr_variance,ssim,ssim_variance,ssim_256,ssim_256_variance,mae,mae_variance,l1,l1_variance,fid,lpips
0,v3_highres_align_input_res_flow_single_corr_ep24_2shot,19.706979,7.533154,0.791718,0.008742,0.807582,0.004784,0.025133000686764717,0.0001720000000204891,0.041301000863313675,0.00033000000985339284,10.602872149728,0.17921259999275208
