,name,psnr,psnr_variance,ssim,ssim_variance,ssim_256,ssim_256_variance,mae,mae_variance,l1,l1_variance,fid,lpips
0,v3_highres_align_input_res_flow_single_corr_ep27_5k_3shot,20.052059,7.422007,0.804519,0.008593,0.81357,0.004839,0.023795999586582184,0.0001539999939268455,0.039204999804496765,0.0002969999914057553,13.580403960902999,0.1684030443429947
