,name,psnr,psnr_variance,ssim,ssim_variance,ssim_256,ssim_256_variance,mae,mae_variance,l1,l1_variance,fid,lpips
0,v3_highres_align_input_res_flow_double_corr_ep24_2shot,19.760817,7.450432,0.793767,0.008688,0.808031,0.004815,0.025337999686598778,0.0001630000042496249,0.041579000651836395,0.0003150000120513141,10.784115340928963,0.1771349310874939
