,name,psnr,psnr_variance,ssim,ssim_variance,ssim_256,ssim_256_variance,mae,mae_variance,l1,l1_variance,fid,lpips
0,v3_highres_non_align_input_res_flow_single_corr_ep25_1w_2shot,19.767995,7.535943,0.790755,0.008764,0.807772,0.004808,0.025158999487757683,0.00016999999934341758,0.04137900099158287,0.0003260000084992498,10.627089865759501,0.17978917062282562
