,name,psnr,psnr_variance,ssim,ssim_variance,ssim_256,ssim_256_variance,mae,mae_variance,l1,l1_variance,fid,lpips
0,v3_highres_align_input_res_flow_double_corr_ep25_1w5_2shot,19.848483,7.646085,0.793925,0.008797,0.808819,0.004791,0.024761000648140907,0.00016399999731220305,0.04077700152993202,0.00031999999191612005,10.298864583076266,0.17715145647525787
