,name,psnr,psnr_variance,ssim,ssim_variance,ssim_256,ssim_256_variance,mae,mae_variance,l1,l1_variance,fid,lpips
0,v3_highres_align_input_res_flow_single_corr_ep26_1w_2shot,19.848532,7.479345,0.795793,0.008521,0.80849,0.004762,0.024783000349998474,0.00015100000018719584,0.040789999067783356,0.000299000006634742,10.901507436357917,0.1766260862350464
