,name,psnr,psnr_variance,ssim,ssim_variance,ssim_256,ssim_256_variance,mae,mae_variance,l1,l1_variance,fid,lpips
0,v3_highres_align_input_res_flow_single_corr_ep31_2shot,19.851597,7.491039,0.795119,0.008602,0.808246,0.004771,0.024898000061511993,0.00015300000086426735,0.04091700166463852,0.0003000000142492354,10.2349255575254,0.1771622896194458
