,name,psnr,psnr_variance,ssim,ssim_variance,ssim_256,ssim_256_variance,mae,mae_variance,l1,l1_variance,fid,lpips
0,v3_highres_align_input_res_flow_single_corr_ep32_2shot,19.761749,7.539212,0.792761,0.008704,0.807621,0.004768,0.025080999359488487,0.00015500000154133886,0.04125500097870827,0.00030499999411404133,10.147873294234444,0.1764971911907196
