,name,psnr,psnr_variance,ssim,ssim_variance,ssim_256,ssim_256_variance,mae,mae_variance,l1,l1_variance,fid,lpips
0,v3_highres_non_align_input_res_flow_single_corr_ep27_2shot,19.717171,7.505391,0.790669,0.008839,0.806482,0.004852,0.02520100027322769,0.00017299999308306724,0.04137200117111206,0.00033000000985339284,10.204063481847328,0.1790313869714737
