,name,psnr,psnr_variance,ssim,ssim_variance,ssim_256,ssim_256_variance,mae,mae_variance,l1,l1_variance,fid,lpips
0,v3_highres_non_align_input_res_flow_double_corr_ep24_2shot,19.683336,7.430334,0.791076,0.008878,0.806823,0.00479,0.02535399980843067,0.0001740000006975606,0.04162300005555153,0.00033400001120753586,10.80935972778343,0.17996501922607422
