,name,psnr,psnr_variance,ssim,ssim_variance,ssim_256,ssim_256_variance,mae,mae_variance,l1,l1_variance,fid,lpips
0,v3_highres_align_input_res_flow_single_corr_ep7_2shot,19.475717,6.879099,0.7852,0.008685,0.804253,0.004711,0.026372000575065613,0.0001939999929163605,0.043191999197006226,0.00035600000410340726,12.437162438668508,0.18608887493610382
