,name,psnr,psnr_variance,ssim,ssim_variance,ssim_256,ssim_256_variance,mae,mae_variance,l1,l1_variance,fid,lpips
0,v3_highres_align_input_res_flow_single_corr_ep27_1w5_2shot,19.827916,7.415263,0.794195,0.008696,0.808184,0.004794,0.024793999269604683,0.00015500000154133886,0.040842000395059586,0.0003060000017285347,10.389642179582722,0.1766493320465088
