,name,psnr,psnr_variance,ssim,ssim_variance,ssim_256,ssim_256_variance,mae,mae_variance,l1,l1_variance,fid,lpips
0,v3_highres_align_input_res_flow_single_corr_ep27_1w_2shot,19.505869,7.108291,0.78528,0.008668,0.80276,0.0048,0.02612300030887127,0.0001630000042496249,0.042865999042987823,0.00031599999056197703,10.134636000684793,0.1765512377023697
