,name,psnr,psnr_variance,ssim,ssim_variance,ssim_256,ssim_256_variance,mae,mae_variance,l1,l1_variance,fid,lpips
0,v3_highres_non_align_input_res_flow_double_corr_ep27_2shot,19.707501,7.603632,0.790235,0.008888,0.806143,0.004839,0.02522299997508526,0.0001740000006975606,0.041405998170375824,0.0003349999897181988,10.365363596894952,0.18013352155685425
