,name,psnr,psnr_variance,ssim,ssim_variance,ssim_256,ssim_256_variance,mae,mae_variance,l1,l1_variance,fid,lpips
0,v3_highres_align_input_res_flow_single_corr_ep30_2shot,19.90484,7.515835,0.795521,0.008589,0.808734,0.004745,0.024663999676704407,0.0001500000071246177,0.04060899838805199,0.00029799999902024865,10.46676369441991,0.17583779990673065
