,name,psnr,psnr_variance,ssim,ssim_variance,ssim_256,ssim_256_variance,mae,mae_variance,l1,l1_variance,fid,lpips
0,v3_highres_non_align_input_res_flow_single_corr_ep25_1w5_2shot,19.799805,7.574718,0.793097,0.008817,0.808333,0.00478,0.02492400072515011,0.0001740000006975606,0.04099399968981743,0.00033400001120753586,10.965962421586767,0.17963364720344543
