,name,psnr,psnr_variance,ssim,ssim_variance,ssim_256,ssim_256_variance,mae,mae_variance,l1,l1_variance,fid,lpips
0,v3_highres_align_input_res_flow_single_corr_ep31_5k_3shot,20.022224,7.490488,0.803037,0.008576,0.812807,0.004847,0.02385300025343895,0.00015300000086426735,0.03923099860548973,0.00029600001289509237,12.785054637397536,0.16791163384914398
