,name,psnr,psnr_variance,ssim,ssim_variance,ssim_256,ssim_256_variance,mae,mae_variance,l1,l1_variance,fid,lpips
0,v3avg_ep7_2shot,19.425801,7.030426,0.781006,0.008858,0.801293,0.004781,0.02638999931514263,0.0001990000018849969,0.043407998979091644,0.00036800000816583633,16.639544771323756,0.18947823345661163
