,name,psnr,psnr_variance,ssim,ssim_variance,ssim_256,ssim_256_variance,mae,mae_variance,l1,l1_variance,fid,lpips
0,v3f22_ep7_2shot,19.497797,7.001873,0.781297,0.008838,0.799972,0.004918,0.026441000401973724,0.00018600000475998968,0.04338899999856949,0.00035099999513477087,17.019017103189668,0.1889425367116928
