,name,psnr,psnr_variance,ssim,ssim_variance,ssim_256,ssim_256_variance,mae,mae_variance,l1,l1_variance,fid,lpips
0,v3f5_ep7_2shot,19.58065,6.968159,0.785351,0.008666,0.802652,0.004813,0.026514999568462372,0.00018099999579135329,0.04345899820327759,0.00033999999868683517,12.969766068063393,0.1888754814863205
