,name,psnr,psnr_variance,ssim,ssim_variance,ssim_256,ssim_256_variance,mae,mae_variance,l1,l1_variance,fid,lpips
0,v4_ep7_lambda1,17.633641,6.857204,0.676481,0.015863,0.71157,0.009565,0.04369699954986572,0.0007360000163316727,0.06380899995565414,0.0007880000048317015,12.040371703744427,0.1887739896774292
