,name,psnr,psnr_variance,ssim,ssim_variance,ssim_256,ssim_256_variance,mae,mae_variance,l1,l1_variance,fid,lpips
0,v4_highres_non_align_input_sim_attn_ep25_1w5_2shot,19.753583,7.654645,0.789297,0.008848,0.806481,0.004844,0.025534000247716904,0.0001740000006975606,0.04192399978637695,0.0003330000035930425,10.83807029758026,0.18146798014640808
