,name,psnr,psnr_variance,ssim,ssim_variance,ssim_256,ssim_256_variance,mae,mae_variance,l1,l1_variance,fid,lpips
0,v4_highres_align_input_sim_attn_ep15_2shot,19.695293,7.464767,0.792152,0.008783,0.807613,0.004718,0.025320999324321747,0.00016799999866634607,0.04162300005555153,0.00032900000223889947,10.904184023932004,0.1796148270368576
