,name,psnr,psnr_variance,ssim,ssim_variance,ssim_256,ssim_256_variance,mae,mae_variance,l1,l1_variance,fid,lpips
0,v4_highres_align_input_res_flow_sim_attn_ep24_2shot,19.743327,7.503277,0.791599,0.008666,0.807522,0.004745,0.025186000391840935,0.0001610000035725534,0.041429001837968826,0.0003169999981764704,10.644654891039323,0.17873191833496094
