,name,psnr,psnr_variance,ssim,ssim_variance,ssim_256,ssim_256_variance,mae,mae_variance,l1,l1_variance,fid,lpips
0,v4_highres_non_align_input_sim_attn_ep25_1w_2shot,19.64848,7.466573,0.789122,0.008861,0.806154,0.004805,0.025717999786138535,0.00018099999579135329,0.04214699938893318,0.0003440000000409782,10.556329554096266,0.18097928166389465
