,name,psnr,psnr_variance,ssim,ssim_variance,ssim_256,ssim_256_variance,mae,mae_variance,l1,l1_variance,fid,lpips
0,v4_highres_align_input_res_flow_sim_attn_ep15_2shot,19.776838,7.575275,0.79219,0.00878,0.808643,0.00479,0.0249790009111166,0.0001610000035725534,0.041133999824523926,0.00031599999056197703,10.8114762606466,0.17936265468597412
