,name,psnr,psnr_variance,ssim,ssim_variance,ssim_256,ssim_256_variance,mae,mae_variance,l1,l1_variance,fid,lpips
0,v4_highres_non_align_input_sim_attn_ep27_2shot,19.722725,7.776566,0.790385,0.008947,0.807077,0.004807,0.02522899955511093,0.00018099999579135329,0.04144899919629097,0.0003480000013951212,10.792676181697715,0.18133769929409027
