,name,psnr,psnr_variance,ssim,ssim_variance,ssim_256,ssim_256_variance,mae,mae_variance,l1,l1_variance,fid,lpips
0,v4_highres_align_input_sim_attn_ep7_2shot,19.649481,7.402825,0.788163,0.008887,0.80646,0.004731,0.025609999895095825,0.0001740000006975606,0.042139001190662384,0.0003380000125616789,11.56103532872902,0.18362614512443542
