,name,psnr,psnr_variance,ssim,ssim_variance,ssim_256,ssim_256_variance,mae,mae_variance,l1,l1_variance,fid,lpips
0,v4_highres_align_input_sim_attn_ep25_1w_2shot,19.705432,7.676795,0.791127,0.009003,0.80598,0.004908,0.025590000674128532,0.00018200000340584666,0.04193500056862831,0.00034699999378062785,10.246231546889703,0.17830327153205872
