,name,psnr,psnr_variance,ssim,ssim_variance,ssim_256,ssim_256_variance,mae,mae_variance,l1,l1_variance,fid,lpips
0,v4_highres_align_input_res_flow_sim_attn_ep27_2shot,19.7907,7.665563,0.791764,0.008942,0.807466,0.004824,0.025005999952554703,0.00016399999731220305,0.04114700108766556,0.0003260000084992498,10.514802713633628,0.17793232202529907
