,name,psnr,psnr_variance,ssim,ssim_variance,ssim_256,ssim_256_variance,mae,mae_variance,l1,l1_variance,fid,lpips
0,v4_highres_align_input_res_flow_sim_attn_ep25_1w5_2shot,19.766335,7.616388,0.791755,0.008817,0.807978,0.004786,0.02529199980199337,0.00016399999731220305,0.04156000167131424,0.0003229999856557697,10.44154095301434,0.17813387513160706
