,name,psnr,psnr_variance,ssim,ssim_variance,ssim_256,ssim_256_variance,mae,mae_variance,l1,l1_variance,fid,lpips
0,v4_highres_align_input_sim_attn_ep25_1w5_2shot,19.750888,7.845639,0.792483,0.009004,0.807355,0.004843,0.0252080000936985,0.00017299999308306724,0.04142199829220772,0.0003420000139158219,10.188862393665943,0.17793050408363342
