,name,psnr,psnr_variance,ssim,ssim_variance,ssim_256,ssim_256_variance,mae,mae_variance,l1,l1_variance,fid,lpips
0,v4_highres_align_input_res_flow_sim_attn_ep7_2shot,19.640858,7.272942,0.788046,0.00887,0.806613,0.004735,0.025800999253988266,0.00018000000272877514,0.042389001697301865,0.0003420000139158219,11.881649239177904,0.18401207029819489
