,name,psnr,psnr_variance,ssim,ssim_variance,ssim_256,ssim_256_variance,mae,mae_variance,l1,l1_variance,fid,lpips
0,v4_highres_non_align_input_sim_attn_ep15_2shot,19.678128,7.482989,0.789822,0.008723,0.806091,0.004759,0.025748999789357185,0.00018099999579135329,0.04221399873495102,0.00034100000630132854,10.939923463113558,0.18235787749290466
