,name,psnr,psnr_variance,ssim,ssim_variance,ssim_256,ssim_256_variance,mae,mae_variance,l1,l1_variance,fid,lpips
0,v4_highres_align_input_res_flow_sim_attn_ep25_1w_2shot,19.726707,7.307539,0.792073,0.008725,0.807923,0.004749,0.025186000391840935,0.00015900000289548188,0.04143400117754936,0.00031400000443682075,10.664101863650359,0.17832283675670624
