,name,psnr,psnr_variance,ssim,ssim_variance,ssim_256,ssim_256_variance,mae,mae_variance,l1,l1_variance,fid,lpips
0,v4_highres_align_input_sim_attn_ep27_2shot,19.726428,7.682656,0.79227,0.008891,0.807484,0.004803,0.025154000148177147,0.00016999999934341758,0.041384000331163406,0.00033599999733269215,10.40965400306385,0.1785723865032196
