,name,psnr,psnr_variance,ssim,ssim_variance,ssim_256,ssim_256_variance,mae,mae_variance,l1,l1_variance,fid,lpips
0,v4_highres_non_align_input_sim_attn_ep7_2shot,19.638906,7.295892,0.784581,0.008863,0.803864,0.004765,0.025950999930500984,0.00018699999782256782,0.04263399913907051,0.00035099999513477087,11.906654316665254,0.1880207359790802
