,name,psnr,psnr_variance,ssim,ssim_variance,ssim_256,ssim_256_variance,mae,mae_variance,l1,l1_variance,fid,lpips
0,v4_highres_align_input_sim_attn_ep24_2shot,19.766101,7.766293,0.79242,0.009001,0.808697,0.004802,0.025018999353051186,0.0001720000000204891,0.04117700085043907,0.0003380000125616789,10.856136964543396,0.17921607196331024
