,name,psnr,psnr_variance,ssim,ssim_variance,ssim_256,ssim_256_variance,mae,mae_variance,l1,l1_variance,fid,lpips
0,v4_highres_non_align_input_sim_attn_ep24_2shot,19.685171,7.644907,0.78928,0.008936,0.80648,0.004821,0.025419000536203384,0.00017699999443721026,0.041763000190258026,0.00034100000630132854,10.435940656924714,0.18222928047180176
