,name,psnr,psnr_variance,ssim,ssim_variance,ssim_256,ssim_256_variance,mae,mae_variance,l1,l1_variance,fid,lpips
0,v4_lambda5_ep6_2shot,19.312941,6.936741,0.77474,0.009073,0.79814,0.004793,0.027888000011444092,0.00020900000527035445,0.04564400017261505,0.00037900000461377203,17.196193576194077,0.1943114995956421
