,name,psnr,psnr_variance,ssim,ssim_variance,ssim_256,ssim_256_variance,mae,mae_variance,l1,l1_variance,fid,lpips
0,v4ep7_1shot,18.894998,7.697053,0.7623,0.011125,0.794388,0.005133,0.02894899994134903,0.0003100000030826777,0.0474030002951622,0.0005849999724887311,15.779471485352047,0.20656129717826843
