,name,psnr,psnr_variance,ssim,ssim_variance,ssim_256,ssim_256_variance,mae,mae_variance,l1,l1_variance,fid,lpips
0,v4ep7_2shot,19.490347,7.091551,0.784365,0.008912,0.802068,0.004777,0.026173999533057213,0.00019500000053085387,0.04291100054979324,0.00036299999919719994,17.050141185301754,0.18862466514110565
