,name,psnr,psnr_variance,ssim,ssim_variance,ssim_256,ssim_256_variance,mae,mae_variance,l1,l1_variance,fid,lpips
0,v5_ep5_2shot,23.38938,11.08033,0.874978,0.006347,0.856676,0.004025,0.018178999423980713,9.899999713525176e-05,0.029857000336050987,0.00019999999494757503,16.09928773302491,0.1212838664650917
