,name,psnr,psnr_variance,ssim,ssim_variance,ssim_256,ssim_256_variance,mae,mae_variance,l1,l1_variance,fid,lpips
0,v5_ep4_2shot,23.247332,10.731275,0.871913,0.006476,0.856581,0.00402,0.0184749998152256,0.00010900000052060932,0.03044700063765049,0.00021899999410379678,16.317347885850637,0.12500764429569244
