,name,psnr,psnr_variance,ssim,ssim_variance,ssim_256,ssim_256_variance,mae,mae_variance,l1,l1_variance,fid,lpips
0,v5_upsample_ep6_1shot,22.733763,12.28181,0.860455,0.008645,0.849165,0.004454,0.02029000036418438,0.0001900000061141327,0.033270999789237976,0.0003819999983534217,9.848841869764584,0.13845105469226837
