,name,psnr,psnr_variance,ssim,ssim_variance,ssim_256,ssim_256_variance,mae,mae_variance,l1,l1_variance,fid,lpips
0,v5_upsample_ep4_2shot,23.213658,10.765994,0.870923,0.006477,0.854328,0.003982,0.018841000273823738,9.7999996796716e-05,0.03093699924647808,0.00020199999562464654,16.43423143652086,0.12994618713855743
