,name,psnr,psnr_variance,ssim,ssim_variance,ssim_256,ssim_256_variance,mae,mae_variance,l1,l1_variance,fid,lpips
0,v5_upsample_ep5_2shot,23.263084,10.82012,0.873319,0.006424,0.855262,0.004029,0.018386000767350197,0.00010199999815085903,0.030199000611901283,0.00020700000459328294,16.224335198437927,0.12814092636108398
