,name,psnr,psnr_variance,ssim,ssim_variance,ssim_256,ssim_256_variance,mae,mae_variance,l1,l1_variance,fid,lpips
0,v6_4joints_ep7_2shot,19.378181,7.426369,0.777086,0.009532,0.798804,0.004943,0.0267340000718832,0.0002280000044265762,0.04388999938964844,0.00042600001324899495,12.064462837177416,0.1917923092842102
