,name,psnr,psnr_variance,ssim,ssim_variance,ssim_256,ssim_256_variance,mae,mae_variance,l1,l1_variance,fid,lpips
0,v6_alljoints_ep7_2shot,19.48214,7.082495,0.780846,0.008851,0.802214,0.004764,0.026074999943375587,0.0001939999929163605,0.042897000908851624,0.00036299999919719994,12.64576998015292,0.18882064521312714
