,name,psnr,psnr_variance,ssim,ssim_variance,ssim_256,ssim_256_variance,mae,mae_variance,l1,l1_variance,fid,lpips
0,v7_4joints_sc_original_ep6_2shot,19.330019,6.967034,0.781148,0.008848,0.799976,0.00483,0.026784000918269157,0.00019999999494757503,0.043852001428604126,0.00036700000055134296,13.012337186772385,0.1907767802476883
