,name,psnr,psnr_variance,ssim,ssim_variance,ssim_256,ssim_256_variance,mae,mae_variance,l1,l1_variance,fid,lpips
0,v7_4joints_sc_original_ep7_2shot,19.445493,7.033237,0.782016,0.008748,0.801527,0.004779,0.026680000126361847,0.00019799999427050352,0.04366999864578247,0.00036100001307204366,12.376941433725165,0.18788635730743408
