,name,psnr,psnr_variance,ssim,ssim_variance,ssim_256,ssim_256_variance,mae,mae_variance,l1,l1_variance,fid,lpips
0,v7_4joints_sc_original_ep5_2shot,19.463268,7.102468,0.780181,0.008913,0.801947,0.004737,0.0264699999243021,0.00020700000459328294,0.04346099868416786,0.00037799999699927866,13.615354046149719,0.1938028484582901
