,name,psnr,psnr_variance,ssim,ssim_variance,ssim_256,ssim_256_variance,mae,mae_variance,l1,l1_variance,fid,lpips
0,v7_4joints_sc_original_ep5_1w_2shot,19.366622,6.893966,0.778394,0.008866,0.799766,0.004746,0.02649099938571453,0.000195999993593432,0.043561000376939774,0.0003650000144261867,12.813695443191278,0.19161896407604218
