,name,psnr,psnr_variance,ssim,ssim_variance,ssim_256,ssim_256_variance,mae,mae_variance,l1,l1_variance,fid,lpips
0,v7_4joints_sc_original_ep8_2shot,19.486603,7.020199,0.781507,0.008861,0.801526,0.004827,0.02601500041782856,0.00018600000475998968,0.04275599867105484,0.0003499999875202775,12.628120050711686,0.1891694813966751
