,name,psnr,psnr_variance,ssim,ssim_variance,ssim_256,ssim_256_variance,mae,mae_variance,l1,l1_variance,fid,lpips
0,v7_4joints_ep7_1w5_2shot,19.406672,6.922332,0.780742,0.0087,0.800609,0.004722,0.02645999938249588,0.00018000000272877514,0.043404001742601395,0.0003389999910723418,12.661507286838543,0.19023187458515167
