,name,psnr,psnr_variance,ssim,ssim_variance,ssim_256,ssim_256_variance,mae,mae_variance,l1,l1_variance,fid,lpips
0,v7_4joints_ep5_2shot,19.401133,6.917239,0.777996,0.008815,0.800587,0.004687,0.026637999340891838,0.0001880000054370612,0.04392600059509277,0.00035700001171790063,17.811687130416004,0.1944691389799118
