,name,psnr,psnr_variance,ssim,ssim_variance,ssim_256,ssim_256_variance,mae,mae_variance,l1,l1_variance,fid,lpips
0,v7_4joints_ep6_2shot,19.258094,6.85951,0.779523,0.008852,0.799617,0.004803,0.02693299949169159,0.00018699999782256782,0.04416299983859062,0.0003499999875202775,12.341358237971122,0.19194522500038147
