,name,psnr,psnr_variance,ssim,ssim_variance,ssim_256,ssim_256_variance,mae,mae_variance,l1,l1_variance,fid,lpips
0,v7_4joints_ep7_2shot,19.504614,7.034676,0.781811,0.008786,0.801791,0.004776,0.026239000260829926,0.00018099999579135329,0.043122999370098114,0.0003440000000409782,12.31493094126705,0.1911236196756363
