,name,psnr,psnr_variance,ssim,ssim_variance,ssim_256,ssim_256_variance,mae,mae_variance,l1,l1_variance,fid,lpips
0,v7_attn_reg_tpssim_wsc,19.393543,6.961295,0.77988,0.008761,0.799542,0.004726,0.027215000241994858,0.00020399999630171806,0.044520001858472824,0.00037200000951997936,12.85261539534659,0.19075308740139008
