,name,psnr,psnr_variance,ssim,ssim_variance,ssim_256,ssim_256_variance,mae,mae_variance,l1,l1_variance,fid,lpips
0,v7_attn_reg_tpssim_wsc,19.409036,6.967293,0.780055,0.008748,0.79965,0.004727,0.027164999395608902,0.00020399999630171806,0.044440001249313354,0.00037200000951997936,12.85261539534659,0.19075308740139008
