,name,psnr,psnr_variance,ssim,ssim_variance,ssim_256,ssim_256_variance,mae,mae_variance,l1,l1_variance,fid,lpips
0,v7_attn_reg_tpssim_sc_ep7_2shot,19.431668,7.087989,0.777945,0.009015,0.79988,0.004732,0.026774000376462936,0.0002010000025620684,0.04396099969744682,0.0003760000108741224,12.505529404572968,0.1913849115371704
