,name,psnr,psnr_variance,ssim,ssim_variance,ssim_256,ssim_256_variance,mae,mae_variance,l1,l1_variance,fid,lpips
0,v7_GP_wo_wsc_gp_input_tpssim,19.480726,7.121701,0.781674,0.008825,0.802759,0.004677,0.02614700049161911,0.00019099999917671084,0.042959000915288925,0.0003549999964889139,13.276889676462986,0.19076260924339294
