,name,psnr,psnr_variance,ssim,ssim_variance,ssim_256,ssim_256_variance,mae,mae_variance,l1,l1_variance,fid,lpips
0,v7_GP_wo_wsc_gp_input_tpssim_ep8_2shot,19.355449,7.271597,0.779459,0.008863,0.799592,0.004713,0.026573000475764275,0.0002010000025620684,0.04360700026154518,0.000371000001905486,12.750164067775444,0.19036900997161865
