,name,psnr,psnr_variance,ssim,ssim_variance,ssim_256,ssim_256_variance,mae,mae_variance,l1,l1_variance,fid,lpips
0,v7_sc_tps_in_mask_ep9_2shot,19.400151,6.92894,0.780822,0.008763,0.799844,0.004727,0.026412999257445335,0.00018200000340584666,0.043396998196840286,0.00034500000765547156,12.868444796825088,0.19019614160060883
