,name,psnr,psnr_variance,ssim,ssim_variance,ssim_256,ssim_256_variance,mae,mae_variance,l1,l1_variance,fid,lpips
0,v7_sc_tps_in_mask_ep13_3shot,19.7563,7.309766,0.786936,0.00907,0.804365,0.004902,0.025769000872969627,0.0001880000054370612,0.04234199970960617,0.0003480000013951212,14.695784498169644,0.18257543444633484
