,name,psnr,psnr_variance,ssim,ssim_variance,ssim_256,ssim_256_variance,mae,mae_variance,l1,l1_variance,fid,lpips
0,v7_sc_tps_in_mask_ep15_2shot,19.392287,7.128602,0.780652,0.008845,0.802439,0.004731,0.02609100006520748,0.00017699999443721026,0.0429840013384819,0.0003440000000409782,12.614827548474125,0.18875479698181152
