,name,psnr,psnr_variance,ssim,ssim_variance,ssim_256,ssim_256_variance,mae,mae_variance,l1,l1_variance,fid,lpips
0,v7_sc_tps_in_mask_ep10_2shot,19.3745,7.014681,0.780527,0.008816,0.800135,0.004664,0.026455000042915344,0.00018400000408291817,0.04344800114631653,0.0003490000090096146,12.184134234590204,0.19082212448120117
