,name,psnr,psnr_variance,ssim,ssim_variance,ssim_256,ssim_256_variance,mae,mae_variance,l1,l1_variance,fid,lpips
0,v7_sc_tps_in_mask_ep7_3shot,19.563799,7.254035,0.787766,0.00918,0.804235,0.00491,0.025756999850273132,0.00019999999494757503,0.04228400066494942,0.00036899998667649925,15.250977712948668,0.18465660512447357
