,name,psnr,psnr_variance,ssim,ssim_variance,ssim_256,ssim_256_variance,mae,mae_variance,l1,l1_variance,fid,lpips
0,v7_sc_tps_in_mask_ep7_2shot,19.354014,6.813759,0.780684,0.008709,0.799245,0.004748,0.026822999119758606,0.00018600000475998968,0.04395199939608574,0.00034699999378062785,12.676131844462503,0.19124184548854828
