,name,psnr,psnr_variance,ssim,ssim_variance,ssim_256,ssim_256_variance,mae,mae_variance,l1,l1_variance,fid,lpips
0,v7_wsc_gd_selfattn_ep8_2shot,19.422055,6.913193,0.77927,0.008886,0.799101,0.004735,0.02669299952685833,0.0001939999929163605,0.04381600022315979,0.00036100001307204366,12.25861898651064,0.19106929004192352
