,name,psnr,psnr_variance,ssim,ssim_variance,ssim_256,ssim_256_variance,mae,mae_variance,l1,l1_variance,fid,lpips
0,v8_no_reg_ep7_2shot,19.519375,6.709851,0.781742,0.0085,0.801681,0.004643,0.026298999786376953,0.00017299999308306724,0.043219998478889465,0.00032699998700991273,13.189609164545232,0.19147779047489166
