,name,psnr,psnr_variance,ssim,ssim_variance,ssim_256,ssim_256_variance,mae,mae_variance,l1,l1_variance,fid,lpips
0,v9_align_input_tps_nolabel_ep7_2shot,19.165743,6.60807,0.773272,0.008693,0.798423,0.004626,0.026995999738574028,0.00017600000137463212,0.04449300095438957,0.0003370000049471855,16.143132435855932,0.1985403597354889
