,name,psnr,psnr_variance,ssim,ssim_variance,ssim_256,ssim_256_variance,mae,mae_variance,l1,l1_variance,fid,lpips
0,v9_align_input_tps_withlabel_logits_ep7_2shot,19.235264,6.670017,0.774826,0.008833,0.800323,0.004566,0.02681799978017807,0.0001880000054370612,0.04433999955654144,0.00036299999919719994,16.03183808827177,0.1975909322500229
