,name,psnr,psnr_variance,ssim,ssim_variance,ssim_256,ssim_256_variance,mae,mae_variance,l1,l1_variance,fid,lpips
0,v9_align_input_tps_withlabel_ep7_2shot,19.143717,6.529549,0.772579,0.008701,0.798127,0.004633,0.027132999151945114,0.0001880000054370612,0.04473600164055824,0.00035700001171790063,15.95751384328338,0.19816584885120392
