,name,psnr,psnr_variance,ssim,ssim_variance,ssim_256,ssim_256_variance,mae,mae_variance,l1,l1_variance,fid,lpips
0,v9_align_input_tps_nolabel_logits_ep7_2shot,19.269024,6.7929,0.775667,0.008833,0.800907,0.004574,0.026677999645471573,0.0001829999964684248,0.044091999530792236,0.0003530000103637576,16.377700627419387,0.19796444475650787
