,name,psnr,psnr_variance,ssim,ssim_variance,ssim_256,ssim_256_variance,mae,mae_variance,l1,l1_variance,fid,lpips
0,v9_noalign_input_tpsnolabel_ep7_2shot,19.250576,6.518979,0.77357,0.008505,0.799817,0.004604,0.026861999183893204,0.00017100000695791095,0.04433999955654144,0.00032500000088475645,16.658897345911157,0.20000667870044708
