,name,psnr,psnr_variance,ssim,ssim_variance,ssim_256,ssim_256_variance,mae,mae_variance,l1,l1_variance,fid,lpips
0,v9_noalign_input_tpsnolabel_gtmask_ep7_2shot,21.495564,8.287291,0.837741,0.007543,0.835772,0.004303,0.021716000512242317,0.0001289999927394092,0.035812001675367355,0.0002530000056140125,11.560100909883545,0.15321971476078033
